cls,r,extCls
UBERON:0029629,http://www.geneontology.org/formats/oboInOwl#consider,http://uri.neuinfo.org/nif/nifstd/birnlex_1617
UBERON:0027584,http://www.geneontology.org/formats/oboInOwl#consider,http://uri.neuinfo.org/nif/nifstd/birnlex_1205
UBERON:0023703,http://www.geneontology.org/formats/oboInOwl#consider,http://uri.neuinfo.org/nif/nifstd/birnlex_842
UBERON:0024329,http://www.geneontology.org/formats/oboInOwl#consider,http://uri.neuinfo.org/nif/nifstd/birnlex_1213
UBERON:0025409,http://www.geneontology.org/formats/oboInOwl#consider,http://uri.neuinfo.org/nif/nifstd/birnlex_921
UBERON:0024800,http://www.geneontology.org/formats/oboInOwl#consider,http://uri.neuinfo.org/nif/nifstd/birnlex_1686
UBERON:0024081,http://www.geneontology.org/formats/oboInOwl#consider,http://uri.neuinfo.org/nif/nifstd/nlx_anat_20090401
UBERON:0022778,http://www.geneontology.org/formats/oboInOwl#consider,http://uri.neuinfo.org/nif/nifstd/birnlex_1306
UBERON:0024437,http://www.geneontology.org/formats/oboInOwl#consider,http://uri.neuinfo.org/nif/nifstd/birnlex_1322
UBERON:0027076,http://www.geneontology.org/formats/oboInOwl#consider,http://uri.neuinfo.org/nif/nifstd/birnlex_960
UBERON:0025828,http://www.geneontology.org/formats/oboInOwl#consider,http://uri.neuinfo.org/nif/nifstd/birnlex_1078
UBERON:0024439,http://www.geneontology.org/formats/oboInOwl#consider,http://uri.neuinfo.org/nif/nifstd/birnlex_1324
UBERON:0022890,http://www.geneontology.org/formats/oboInOwl#consider,http://uri.neuinfo.org/nif/nifstd/birnlex_1418
UBERON:0026700,http://www.geneontology.org/formats/oboInOwl#consider,http://uri.neuinfo.org/nif/nifstd/birnlex_2699
UBERON:0023556,http://www.geneontology.org/formats/oboInOwl#consider,http://uri.neuinfo.org/nif/nifstd/birnlex_4118
UBERON:0025254,http://www.geneontology.org/formats/oboInOwl#consider,http://uri.neuinfo.org/nif/nifstd/birnlex_742
UBERON:0025067,http://www.geneontology.org/formats/oboInOwl#consider,http://uri.neuinfo.org/nif/nifstd/birnlex_2697
UBERON:0002966,http://www.geneontology.org/formats/oboInOwl#consider,http://uri.neuinfo.org/nif/nifstd/birnlex_795
UBERON:0024394,http://www.geneontology.org/formats/oboInOwl#consider,http://uri.neuinfo.org/nif/nifstd/birnlex_1278
UBERON:0024749,http://www.geneontology.org/formats/oboInOwl#consider,http://uri.neuinfo.org/nif/nifstd/birnlex_1633
UBERON:0002784,http://www.geneontology.org/formats/oboInOwl#consider,http://uri.neuinfo.org/nif/nifstd/birnlex_1685
UBERON:0027665,http://www.geneontology.org/formats/oboInOwl#consider,http://uri.neuinfo.org/nif/nifstd/birnlex_1286
UBERON:0024479,http://www.geneontology.org/formats/oboInOwl#consider,http://uri.neuinfo.org/nif/nifstd/birnlex_1364
UBERON:0026048,http://www.geneontology.org/formats/oboInOwl#consider,http://uri.neuinfo.org/nif/nifstd/birnlex_1301
UBERON:0024285,http://www.geneontology.org/formats/oboInOwl#consider,http://uri.neuinfo.org/nif/nifstd/birnlex_1168
UBERON:0022988,http://www.geneontology.org/formats/oboInOwl#consider,http://uri.neuinfo.org/nif/nifstd/birnlex_1517
UBERON:0026986,http://www.geneontology.org/formats/oboInOwl#consider,http://uri.neuinfo.org/nif/nifstd/birnlex_856
UBERON:0023362,http://www.geneontology.org/formats/oboInOwl#consider,http://uri.neuinfo.org/nif/nifstd/birnlex_2633
UBERON:0028314,http://www.geneontology.org/formats/oboInOwl#consider,http://uri.neuinfo.org/nif/nifstd/birnlex_2681
UBERON:0023636,http://www.geneontology.org/formats/oboInOwl#consider,http://uri.neuinfo.org/nif/nifstd/birnlex_771
UBERON:0022997,http://www.geneontology.org/formats/oboInOwl#consider,http://uri.neuinfo.org/nif/nifstd/birnlex_1526
UBERON:0002785,http://www.geneontology.org/formats/oboInOwl#consider,http://uri.neuinfo.org/nif/nifstd/birnlex_1687
UBERON:0027078,http://www.geneontology.org/formats/oboInOwl#consider,http://uri.neuinfo.org/nif/nifstd/birnlex_962
UBERON:0027243,http://www.geneontology.org/formats/oboInOwl#consider,http://uri.neuinfo.org/nif/nifstd/nlx_anat_1010003
UBERON:0026975,http://www.geneontology.org/formats/oboInOwl#consider,http://uri.neuinfo.org/nif/nifstd/birnlex_839
UBERON:0026020,http://www.geneontology.org/formats/oboInOwl#consider,http://uri.neuinfo.org/nif/nifstd/birnlex_1273
UBERON:0023824,http://www.geneontology.org/formats/oboInOwl#consider,http://uri.neuinfo.org/nif/nifstd/birnlex_984
UBERON:0023013,http://www.geneontology.org/formats/oboInOwl#consider,http://uri.neuinfo.org/nif/nifstd/birnlex_1542
UBERON:0002584,http://www.geneontology.org/formats/oboInOwl#consider,http://uri.neuinfo.org/nif/nifstd/birnlex_1080
UBERON:0029140,http://www.geneontology.org/formats/oboInOwl#consider,http://uri.neuinfo.org/nif/nifstd/birnlex_1124
UBERON:0024793,http://www.geneontology.org/formats/oboInOwl#consider,http://uri.neuinfo.org/nif/nifstd/birnlex_1679
UBERON:0025927,http://www.geneontology.org/formats/oboInOwl#consider,http://uri.neuinfo.org/nif/nifstd/birnlex_1179
UBERON:0026686,http://www.geneontology.org/formats/oboInOwl#consider,http://uri.neuinfo.org/nif/nifstd/birnlex_2685
UBERON:0023044,http://www.geneontology.org/formats/oboInOwl#consider,http://uri.neuinfo.org/nif/nifstd/birnlex_1573
UBERON:0028725,http://www.geneontology.org/formats/oboInOwl#consider,http://uri.neuinfo.org/nif/nifstd/birnlex_978
UBERON:0029960,http://www.geneontology.org/formats/oboInOwl#consider,http://uri.neuinfo.org/nif/nifstd/birnlex_2694
UBERON:0029861,http://www.geneontology.org/formats/oboInOwl#consider,http://uri.neuinfo.org/nif/nifstd/birnlex_2574
UBERON:0024714,http://www.geneontology.org/formats/oboInOwl#consider,http://uri.neuinfo.org/nif/nifstd/birnlex_1599
UBERON:0023825,http://www.geneontology.org/formats/oboInOwl#consider,http://uri.neuinfo.org/nif/nifstd/birnlex_985
UBERON:0022761,http://www.geneontology.org/formats/oboInOwl#consider,http://uri.neuinfo.org/nif/nifstd/birnlex_1289
UBERON:0023677,http://www.geneontology.org/formats/oboInOwl#consider,http://uri.neuinfo.org/nif/nifstd/birnlex_815
UBERON:0025128,http://www.geneontology.org/formats/oboInOwl#consider,http://uri.neuinfo.org/nif/nifstd/birnlex_4046
UBERON:0023102,http://www.geneontology.org/formats/oboInOwl#consider,http://uri.neuinfo.org/nif/nifstd/birnlex_1630
UBERON:0025811,http://www.geneontology.org/formats/oboInOwl#consider,http://uri.neuinfo.org/nif/nifstd/birnlex_1061
UBERON:0002619,http://www.geneontology.org/formats/oboInOwl#consider,http://uri.neuinfo.org/nif/nifstd/birnlex_1173
UBERON:0024397,http://www.geneontology.org/formats/oboInOwl#consider,http://uri.neuinfo.org/nif/nifstd/birnlex_1281
UBERON:0022665,http://www.geneontology.org/formats/oboInOwl#consider,http://uri.neuinfo.org/nif/nifstd/birnlex_1193
UBERON:0030330,http://www.geneontology.org/formats/oboInOwl#consider,http://uri.neuinfo.org/nif/nifstd/birnlex_948
UBERON:0023628,http://www.geneontology.org/formats/oboInOwl#consider,http://uri.neuinfo.org/nif/nifstd/birnlex_761
UBERON:0024721,http://www.geneontology.org/formats/oboInOwl#consider,http://uri.neuinfo.org/nif/nifstd/birnlex_1605
UBERON:0025337,http://www.geneontology.org/formats/oboInOwl#consider,http://uri.neuinfo.org/nif/nifstd/birnlex_831
UBERON:0023163,http://www.geneontology.org/formats/oboInOwl#consider,http://uri.neuinfo.org/nif/nifstd/birnlex_1693
UBERON:0027600,http://www.geneontology.org/formats/oboInOwl#consider,http://uri.neuinfo.org/nif/nifstd/birnlex_1221
UBERON:0029396,http://www.geneontology.org/formats/oboInOwl#consider,http://uri.neuinfo.org/nif/nifstd/birnlex_1385
UBERON:0022650,http://www.geneontology.org/formats/oboInOwl#consider,http://uri.neuinfo.org/nif/nifstd/birnlex_1177
UBERON:0024335,http://www.geneontology.org/formats/oboInOwl#consider,http://uri.neuinfo.org/nif/nifstd/birnlex_1219
UBERON:0025033,http://www.geneontology.org/formats/oboInOwl#consider,http://uri.neuinfo.org/nif/nifstd/birnlex_2660
UBERON:0026063,http://www.geneontology.org/formats/oboInOwl#consider,http://uri.neuinfo.org/nif/nifstd/birnlex_1317
UBERON:0025930,http://www.geneontology.org/formats/oboInOwl#consider,http://uri.neuinfo.org/nif/nifstd/birnlex_1182
UBERON:0024541,http://www.geneontology.org/formats/oboInOwl#consider,http://uri.neuinfo.org/nif/nifstd/birnlex_1425
UBERON:0026921,http://www.geneontology.org/formats/oboInOwl#consider,http://uri.neuinfo.org/nif/nifstd/birnlex_782
UBERON:0002621,http://www.geneontology.org/formats/oboInOwl#consider,http://uri.neuinfo.org/nif/nifstd/birnlex_1195
UBERON:0006122,http://www.geneontology.org/formats/oboInOwl#consider,http://uri.neuinfo.org/nif/nifstd/nlx_anat_20090301
UBERON:0002574,http://www.geneontology.org/formats/oboInOwl#consider,http://uri.neuinfo.org/nif/nifstd/birnlex_1052
UBERON:0024528,http://www.geneontology.org/formats/oboInOwl#consider,http://uri.neuinfo.org/nif/nifstd/birnlex_1412
UBERON:0028317,http://www.geneontology.org/formats/oboInOwl#consider,http://uri.neuinfo.org/nif/nifstd/birnlex_2684
UBERON:0026113,http://www.geneontology.org/formats/oboInOwl#consider,http://uri.neuinfo.org/nif/nifstd/birnlex_1367
UBERON:0027227,http://www.geneontology.org/formats/oboInOwl#consider,http://uri.neuinfo.org/nif/nifstd/nlx_anat_1005029
UBERON:0024518,http://www.geneontology.org/formats/oboInOwl#consider,http://uri.neuinfo.org/nif/nifstd/birnlex_1402
UBERON:0023127,http://www.geneontology.org/formats/oboInOwl#consider,http://uri.neuinfo.org/nif/nifstd/birnlex_1656
UBERON:0024182,http://www.geneontology.org/formats/oboInOwl#consider,http://uri.neuinfo.org/nif/nifstd/birnlex_1063
UBERON:0026079,http://www.geneontology.org/formats/oboInOwl#consider,http://uri.neuinfo.org/nif/nifstd/birnlex_1333
UBERON:0023572,http://www.geneontology.org/formats/oboInOwl#consider,http://uri.neuinfo.org/nif/nifstd/birnlex_702
UBERON:0025338,http://www.geneontology.org/formats/oboInOwl#consider,http://uri.neuinfo.org/nif/nifstd/birnlex_832
UBERON:0029215,http://www.geneontology.org/formats/oboInOwl#consider,http://uri.neuinfo.org/nif/nifstd/birnlex_1203
UBERON:0024559,http://www.geneontology.org/formats/oboInOwl#consider,http://uri.neuinfo.org/nif/nifstd/birnlex_1443
UBERON:0028326,http://www.geneontology.org/formats/oboInOwl#consider,http://uri.neuinfo.org/nif/nifstd/birnlex_2693
UBERON:0023092,http://www.geneontology.org/formats/oboInOwl#consider,http://uri.neuinfo.org/nif/nifstd/birnlex_1620
UBERON:0027453,http://www.geneontology.org/formats/oboInOwl#consider,http://uri.neuinfo.org/nif/nifstd/birnlex_1071
UBERON:0027052,http://www.geneontology.org/formats/oboInOwl#consider,http://uri.neuinfo.org/nif/nifstd/birnlex_933
UBERON:0024501,http://www.geneontology.org/formats/oboInOwl#consider,http://uri.neuinfo.org/nif/nifstd/birnlex_1386
UBERON:0027760,http://www.geneontology.org/formats/oboInOwl#consider,http://uri.neuinfo.org/nif/nifstd/birnlex_1382
UBERON:0024073,http://www.geneontology.org/formats/oboInOwl#consider,http://uri.neuinfo.org/nif/nifstd/nlx_anat_20090305
UBERON:0031314,http://www.geneontology.org/formats/oboInOwl#consider,http://uri.neuinfo.org/nif/nifstd/birnlex_1664
UBERON:0025744,http://www.geneontology.org/formats/oboInOwl#consider,http://uri.neuinfo.org/nif/nifstd/nlx_anat_20090510
UBERON:0028192,http://www.geneontology.org/formats/oboInOwl#consider,http://uri.neuinfo.org/nif/nifstd/birnlex_2530
UBERON:0022598,http://www.geneontology.org/formats/oboInOwl#consider,http://uri.neuinfo.org/nif/nifstd/birnlex_1122
UBERON:0023827,http://www.geneontology.org/formats/oboInOwl#consider,http://uri.neuinfo.org/nif/nifstd/birnlex_987
UBERON:0029954,http://www.geneontology.org/formats/oboInOwl#consider,http://uri.neuinfo.org/nif/nifstd/birnlex_2688
UBERON:0023915,http://www.geneontology.org/formats/oboInOwl#consider,http://uri.neuinfo.org/nif/nifstd/nlx_anat_100305
UBERON:0027563,http://www.geneontology.org/formats/oboInOwl#consider,http://uri.neuinfo.org/nif/nifstd/birnlex_1183
UBERON:0027376,http://www.geneontology.org/formats/oboInOwl#consider,http://uri.neuinfo.org/nif/nifstd/nlx_anat_20090511
UBERON:0027651,http://www.geneontology.org/formats/oboInOwl#consider,http://uri.neuinfo.org/nif/nifstd/birnlex_1272
UBERON:0023317,http://www.geneontology.org/formats/oboInOwl#consider,http://uri.neuinfo.org/nif/nifstd/birnlex_2570
UBERON:0024708,http://www.geneontology.org/formats/oboInOwl#consider,http://uri.neuinfo.org/nif/nifstd/birnlex_1593
UBERON:0024347,http://www.geneontology.org/formats/oboInOwl#consider,http://uri.neuinfo.org/nif/nifstd/birnlex_1231
UBERON:0027247,http://www.geneontology.org/formats/oboInOwl#consider,http://uri.neuinfo.org/nif/nifstd/nlx_anat_1010007
UBERON:0027094,http://www.geneontology.org/formats/oboInOwl#consider,http://uri.neuinfo.org/nif/nifstd/birnlex_979
UBERON:0023020,http://www.geneontology.org/formats/oboInOwl#consider,http://uri.neuinfo.org/nif/nifstd/birnlex_1549
UBERON:0024381,http://www.geneontology.org/formats/oboInOwl#consider,http://uri.neuinfo.org/nif/nifstd/birnlex_1265
UBERON:0022822,http://www.geneontology.org/formats/oboInOwl#consider,http://uri.neuinfo.org/nif/nifstd/birnlex_1351
UBERON:0027748,http://www.geneontology.org/formats/oboInOwl#consider,http://uri.neuinfo.org/nif/nifstd/birnlex_1370
UBERON:0027603,http://www.geneontology.org/formats/oboInOwl#consider,http://uri.neuinfo.org/nif/nifstd/birnlex_1224
UBERON:0029681,http://www.geneontology.org/formats/oboInOwl#consider,http://uri.neuinfo.org/nif/nifstd/birnlex_1671
UBERON:0002777,http://www.geneontology.org/formats/oboInOwl#consider,http://uri.neuinfo.org/nif/nifstd/birnlex_1672
UBERON:0002791,http://www.geneontology.org/formats/oboInOwl#consider,http://uri.neuinfo.org/nif/nifstd/birnlex_1700
UBERON:0003048,http://www.geneontology.org/formats/oboInOwl#consider,http://uri.neuinfo.org/nif/nifstd/birnlex_995
UBERON:0025897,http://www.geneontology.org/formats/oboInOwl#consider,http://uri.neuinfo.org/nif/nifstd/birnlex_1147
UBERON:0029594,http://www.geneontology.org/formats/oboInOwl#consider,http://uri.neuinfo.org/nif/nifstd/birnlex_1583
UBERON:0024086,http://www.geneontology.org/formats/oboInOwl#consider,http://uri.neuinfo.org/nif/nifstd/nlx_anat_20090406
UBERON:0027417,http://www.geneontology.org/formats/oboInOwl#consider,http://uri.neuinfo.org/nif/nifstd/birnlex_1034
UBERON:0022681,http://www.geneontology.org/formats/oboInOwl#consider,http://uri.neuinfo.org/nif/nifstd/birnlex_1209
UBERON:0022895,http://www.geneontology.org/formats/oboInOwl#consider,http://uri.neuinfo.org/nif/nifstd/birnlex_1423
UBERON:0023547,http://www.geneontology.org/formats/oboInOwl#consider,http://uri.neuinfo.org/nif/nifstd/birnlex_4109
UBERON:0026720,http://www.geneontology.org/formats/oboInOwl#consider,http://uri.neuinfo.org/nif/nifstd/birnlex_4007
UBERON:0028744,http://www.geneontology.org/formats/oboInOwl#consider,http://uri.neuinfo.org/nif/nifstd/birnlex_997
UBERON:0026117,http://www.geneontology.org/formats/oboInOwl#consider,http://uri.neuinfo.org/nif/nifstd/birnlex_1371
UBERON:0026040,http://www.geneontology.org/formats/oboInOwl#consider,http://uri.neuinfo.org/nif/nifstd/birnlex_1293
UBERON:0027828,http://www.geneontology.org/formats/oboInOwl#consider,http://uri.neuinfo.org/nif/nifstd/birnlex_1449
UBERON:0025147,http://www.geneontology.org/formats/oboInOwl#consider,http://uri.neuinfo.org/nif/nifstd/birnlex_4065
UBERON:0026536,http://www.geneontology.org/formats/oboInOwl#consider,http://uri.neuinfo.org/nif/nifstd/birnlex_1794
UBERON:0002789,http://www.geneontology.org/formats/oboInOwl#consider,http://uri.neuinfo.org/nif/nifstd/birnlex_1697
UBERON:0002579,http://www.geneontology.org/formats/oboInOwl#consider,http://uri.neuinfo.org/nif/nifstd/birnlex_1060
UBERON:0023047,http://www.geneontology.org/formats/oboInOwl#consider,http://uri.neuinfo.org/nif/nifstd/birnlex_1576
UBERON:0025983,http://www.geneontology.org/formats/oboInOwl#consider,http://uri.neuinfo.org/nif/nifstd/birnlex_1236
UBERON:0026762,http://www.geneontology.org/formats/oboInOwl#consider,http://uri.neuinfo.org/nif/nifstd/birnlex_4049
UBERON:0026000,http://www.geneontology.org/formats/oboInOwl#consider,http://uri.neuinfo.org/nif/nifstd/birnlex_1253
UBERON:0026324,http://www.geneontology.org/formats/oboInOwl#consider,http://uri.neuinfo.org/nif/nifstd/birnlex_1578
UBERON:0031948,http://www.geneontology.org/formats/oboInOwl#consider,http://uri.neuinfo.org/nif/nifstd/birnlex_924
UBERON:0023294,http://www.geneontology.org/formats/oboInOwl#consider,http://uri.neuinfo.org/nif/nifstd/birnlex_2546
UBERON:0002635,http://www.geneontology.org/formats/oboInOwl#consider,http://uri.neuinfo.org/nif/nifstd/birnlex_1227
UBERON:0023695,http://www.geneontology.org/formats/oboInOwl#consider,http://uri.neuinfo.org/nif/nifstd/birnlex_833
UBERON:0025148,http://www.geneontology.org/formats/oboInOwl#consider,http://uri.neuinfo.org/nif/nifstd/birnlex_4066
UBERON:0025934,http://www.geneontology.org/formats/oboInOwl#consider,http://uri.neuinfo.org/nif/nifstd/birnlex_1186
UBERON:0022575,http://www.geneontology.org/formats/oboInOwl#consider,http://uri.neuinfo.org/nif/nifstd/birnlex_11
UBERON:0024234,http://www.geneontology.org/formats/oboInOwl#consider,http://uri.neuinfo.org/nif/nifstd/birnlex_1114
UBERON:0022431,http://www.geneontology.org/formats/oboInOwl#consider,http://uri.neuinfo.org/nif/nifstd/birnlex_1616
UBERON:0022937,http://www.geneontology.org/formats/oboInOwl#consider,http://uri.neuinfo.org/nif/nifstd/birnlex_1465
UBERON:0023097,http://www.geneontology.org/formats/oboInOwl#consider,http://uri.neuinfo.org/nif/nifstd/birnlex_1625
UBERON:0024653,http://www.geneontology.org/formats/oboInOwl#consider,http://uri.neuinfo.org/nif/nifstd/birnlex_1538
UBERON:0023007,http://www.geneontology.org/formats/oboInOwl#consider,http://uri.neuinfo.org/nif/nifstd/birnlex_1536
UBERON:0022543,http://www.geneontology.org/formats/oboInOwl#consider,http://uri.neuinfo.org/nif/nifstd/birnlex_1068
UBERON:0025778,http://www.geneontology.org/formats/oboInOwl#consider,http://uri.neuinfo.org/nif/nifstd/birnlex_1027
UBERON:0026001,http://www.geneontology.org/formats/oboInOwl#consider,http://uri.neuinfo.org/nif/nifstd/birnlex_1254
UBERON:0002680,http://www.geneontology.org/formats/oboInOwl#consider,http://uri.neuinfo.org/nif/nifstd/birnlex_1361
UBERON:0002986,http://www.geneontology.org/formats/oboInOwl#consider,http://uri.neuinfo.org/nif/nifstd/birnlex_846
UBERON:0022741,http://www.geneontology.org/formats/oboInOwl#consider,http://uri.neuinfo.org/nif/nifstd/birnlex_1269
UBERON:0027352,http://www.geneontology.org/formats/oboInOwl#consider,http://uri.neuinfo.org/nif/nifstd/nlx_anat_20090309
UBERON:0002677,http://www.geneontology.org/formats/oboInOwl#consider,http://uri.neuinfo.org/nif/nifstd/birnlex_1349
UBERON:0027604,http://www.geneontology.org/formats/oboInOwl#consider,http://uri.neuinfo.org/nif/nifstd/birnlex_1225
UBERON:0026588,http://www.geneontology.org/formats/oboInOwl#consider,http://uri.neuinfo.org/nif/nifstd/birnlex_2565
UBERON:0023560,http://www.geneontology.org/formats/oboInOwl#consider,http://uri.neuinfo.org/nif/nifstd/birnlex_4122
UBERON:0025848,http://www.geneontology.org/formats/oboInOwl#consider,http://uri.neuinfo.org/nif/nifstd/birnlex_1098
UBERON:0025764,http://www.geneontology.org/formats/oboInOwl#consider,http://uri.neuinfo.org/nif/nifstd/birnlex_1013
UBERON:0025078,http://www.geneontology.org/formats/oboInOwl#consider,http://uri.neuinfo.org/nif/nifstd/birnlex_2708
UBERON:0026966,http://www.geneontology.org/formats/oboInOwl#consider,http://uri.neuinfo.org/nif/nifstd/birnlex_829
UBERON:0022732,http://www.geneontology.org/formats/oboInOwl#consider,http://uri.neuinfo.org/nif/nifstd/birnlex_1260
UBERON:0023670,http://www.geneontology.org/formats/oboInOwl#consider,http://uri.neuinfo.org/nif/nifstd/birnlex_808
UBERON:0025284,http://www.geneontology.org/formats/oboInOwl#consider,http://uri.neuinfo.org/nif/nifstd/birnlex_775
UBERON:0028615,http://www.geneontology.org/formats/oboInOwl#consider,http://uri.neuinfo.org/nif/nifstd/birnlex_852
UBERON:0002950,http://www.geneontology.org/formats/oboInOwl#consider,http://uri.neuinfo.org/nif/nifstd/birnlex_763
UBERON:0025928,http://www.geneontology.org/formats/oboInOwl#consider,http://uri.neuinfo.org/nif/nifstd/birnlex_1180
UBERON:0025327,http://www.geneontology.org/formats/oboInOwl#consider,http://uri.neuinfo.org/nif/nifstd/birnlex_821
UBERON:0027687,http://www.geneontology.org/formats/oboInOwl#consider,http://uri.neuinfo.org/nif/nifstd/birnlex_1308
UBERON:0024161,http://www.geneontology.org/formats/oboInOwl#consider,http://uri.neuinfo.org/nif/nifstd/birnlex_1041
UBERON:0023587,http://www.geneontology.org/formats/oboInOwl#consider,http://uri.neuinfo.org/nif/nifstd/birnlex_718
UBERON:0022647,http://www.geneontology.org/formats/oboInOwl#consider,http://uri.neuinfo.org/nif/nifstd/birnlex_1174
UBERON:0002757,http://www.geneontology.org/formats/oboInOwl#consider,http://uri.neuinfo.org/nif/nifstd/birnlex_1607
UBERON:0028616,http://www.geneontology.org/formats/oboInOwl#consider,http://uri.neuinfo.org/nif/nifstd/birnlex_854
UBERON:0027631,http://www.geneontology.org/formats/oboInOwl#consider,http://uri.neuinfo.org/nif/nifstd/birnlex_1252
UBERON:0002611,http://www.geneontology.org/formats/oboInOwl#consider,http://uri.neuinfo.org/nif/nifstd/birnlex_1152
UBERON:0023783,http://www.geneontology.org/formats/oboInOwl#consider,http://uri.neuinfo.org/nif/nifstd/birnlex_940
UBERON:0024550,http://www.geneontology.org/formats/oboInOwl#consider,http://uri.neuinfo.org/nif/nifstd/birnlex_1434
UBERON:0025899,http://www.geneontology.org/formats/oboInOwl#consider,http://uri.neuinfo.org/nif/nifstd/birnlex_1149
UBERON:0002554,http://www.geneontology.org/formats/oboInOwl#consider,http://uri.neuinfo.org/nif/nifstd/birnlex_1014
UBERON:0002951,http://www.geneontology.org/formats/oboInOwl#consider,http://uri.neuinfo.org/nif/nifstd/birnlex_767
UBERON:0023648,http://www.geneontology.org/formats/oboInOwl#consider,http://uri.neuinfo.org/nif/nifstd/birnlex_784
UBERON:0022944,http://www.geneontology.org/formats/oboInOwl#consider,http://uri.neuinfo.org/nif/nifstd/birnlex_1472
UBERON:0026445,http://www.geneontology.org/formats/oboInOwl#consider,http://uri.neuinfo.org/nif/nifstd/birnlex_1701
UBERON:0023687,http://www.geneontology.org/formats/oboInOwl#consider,http://uri.neuinfo.org/nif/nifstd/birnlex_825
UBERON:0003035,http://www.geneontology.org/formats/oboInOwl#consider,http://uri.neuinfo.org/nif/nifstd/birnlex_959
UBERON:0029822,http://www.geneontology.org/formats/oboInOwl#consider,http://uri.neuinfo.org/nif/nifstd/birnlex_2527
UBERON:0024314,http://www.geneontology.org/formats/oboInOwl#consider,http://uri.neuinfo.org/nif/nifstd/birnlex_1198
UBERON:0027755,http://www.geneontology.org/formats/oboInOwl#consider,http://uri.neuinfo.org/nif/nifstd/birnlex_1377
UBERON:0026270,http://www.geneontology.org/formats/oboInOwl#consider,http://uri.neuinfo.org/nif/nifstd/birnlex_1524
UBERON:0024211,http://www.geneontology.org/formats/oboInOwl#consider,http://uri.neuinfo.org/nif/nifstd/birnlex_1092
UBERON:0024962,http://www.geneontology.org/formats/oboInOwl#consider,http://uri.neuinfo.org/nif/nifstd/birnlex_2571
UBERON:0022660,http://www.geneontology.org/formats/oboInOwl#consider,http://uri.neuinfo.org/nif/nifstd/birnlex_1188
UBERON:0026032,http://www.geneontology.org/formats/oboInOwl#consider,http://uri.neuinfo.org/nif/nifstd/birnlex_1285
UBERON:0023649,http://www.geneontology.org/formats/oboInOwl#consider,http://uri.neuinfo.org/nif/nifstd/birnlex_785
UBERON:0024173,http://www.geneontology.org/formats/oboInOwl#consider,http://uri.neuinfo.org/nif/nifstd/birnlex_1053
UBERON:0025268,http://www.geneontology.org/formats/oboInOwl#consider,http://uri.neuinfo.org/nif/nifstd/birnlex_757
UBERON:0027103,http://www.geneontology.org/formats/oboInOwl#consider,http://uri.neuinfo.org/nif/nifstd/birnlex_988
UBERON:0022701,http://www.geneontology.org/formats/oboInOwl#consider,http://uri.neuinfo.org/nif/nifstd/birnlex_1229
UBERON:0024212,http://www.geneontology.org/formats/oboInOwl#consider,http://uri.neuinfo.org/nif/nifstd/birnlex_1093
UBERON:0030242,http://www.geneontology.org/formats/oboInOwl#consider,http://uri.neuinfo.org/nif/nifstd/birnlex_841
UBERON:0029415,http://www.geneontology.org/formats/oboInOwl#consider,http://uri.neuinfo.org/nif/nifstd/birnlex_1403
UBERON:0022620,http://www.geneontology.org/formats/oboInOwl#consider,http://uri.neuinfo.org/nif/nifstd/birnlex_1145
UBERON:0002678,http://www.geneontology.org/formats/oboInOwl#consider,http://uri.neuinfo.org/nif/nifstd/birnlex_1355
UBERON:0024826,http://www.geneontology.org/formats/oboInOwl#consider,http://uri.neuinfo.org/nif/nifstd/birnlex_1713
UBERON:0023552,http://www.geneontology.org/formats/oboInOwl#consider,http://uri.neuinfo.org/nif/nifstd/birnlex_4114
UBERON:0025250,http://www.geneontology.org/formats/oboInOwl#consider,http://uri.neuinfo.org/nif/nifstd/birnlex_738
UBERON:0027649,http://www.geneontology.org/formats/oboInOwl#consider,http://uri.neuinfo.org/nif/nifstd/birnlex_1270
UBERON:0027814,http://www.geneontology.org/formats/oboInOwl#consider,http://uri.neuinfo.org/nif/nifstd/birnlex_1435
UBERON:0027728,http://www.geneontology.org/formats/oboInOwl#consider,http://uri.neuinfo.org/nif/nifstd/birnlex_1350
UBERON:0030119,http://www.geneontology.org/formats/oboInOwl#consider,http://uri.neuinfo.org/nif/nifstd/birnlex_709
UBERON:0024828,http://www.geneontology.org/formats/oboInOwl#consider,http://uri.neuinfo.org/nif/nifstd/birnlex_1715
UBERON:0022877,http://www.geneontology.org/formats/oboInOwl#consider,http://uri.neuinfo.org/nif/nifstd/birnlex_1405
UBERON:0002780,http://www.geneontology.org/formats/oboInOwl#consider,http://uri.neuinfo.org/nif/nifstd/birnlex_1677
UBERON:0024125,http://www.geneontology.org/formats/oboInOwl#consider,http://uri.neuinfo.org/nif/nifstd/birnlex_1004
UBERON:0031196,http://www.geneontology.org/formats/oboInOwl#consider,http://uri.neuinfo.org/nif/nifstd/birnlex_1545
UBERON:0029603,http://www.geneontology.org/formats/oboInOwl#consider,http://uri.neuinfo.org/nif/nifstd/birnlex_1592
UBERON:0022828,http://www.geneontology.org/formats/oboInOwl#consider,http://uri.neuinfo.org/nif/nifstd/birnlex_1357
UBERON:0028337,http://www.geneontology.org/formats/oboInOwl#consider,http://uri.neuinfo.org/nif/nifstd/birnlex_2704
UBERON:0024065,http://www.geneontology.org/formats/oboInOwl#consider,http://uri.neuinfo.org/nif/nifstd/nlx_anat_20090206
UBERON:0026982,http://www.geneontology.org/formats/oboInOwl#consider,http://uri.neuinfo.org/nif/nifstd/birnlex_849
UBERON:0025993,http://www.geneontology.org/formats/oboInOwl#consider,http://uri.neuinfo.org/nif/nifstd/birnlex_1246
UBERON:0026456,http://www.geneontology.org/formats/oboInOwl#consider,http://uri.neuinfo.org/nif/nifstd/birnlex_1712
UBERON:0026296,http://www.geneontology.org/formats/oboInOwl#consider,http://uri.neuinfo.org/nif/nifstd/birnlex_1550
UBERON:0026845,http://www.geneontology.org/formats/oboInOwl#consider,http://uri.neuinfo.org/nif/nifstd/birnlex_700
UBERON:0024254,http://www.geneontology.org/formats/oboInOwl#consider,http://uri.neuinfo.org/nif/nifstd/birnlex_1134
UBERON:0003000,http://www.geneontology.org/formats/oboInOwl#consider,http://uri.neuinfo.org/nif/nifstd/birnlex_879
UBERON:0022957,http://www.geneontology.org/formats/oboInOwl#consider,http://uri.neuinfo.org/nif/nifstd/birnlex_1485
UBERON:0026106,http://www.geneontology.org/formats/oboInOwl#consider,http://uri.neuinfo.org/nif/nifstd/birnlex_1360
UBERON:0002917,http://www.geneontology.org/formats/oboInOwl#consider,http://uri.neuinfo.org/nif/nifstd/birnlex_4036
UBERON:0024622,http://www.geneontology.org/formats/oboInOwl#consider,http://uri.neuinfo.org/nif/nifstd/birnlex_1507
UBERON:0027758,http://www.geneontology.org/formats/oboInOwl#consider,http://uri.neuinfo.org/nif/nifstd/birnlex_1380
UBERON:0002730,http://www.geneontology.org/formats/oboInOwl#consider,http://uri.neuinfo.org/nif/nifstd/birnlex_1517
UBERON:0025418,http://www.geneontology.org/formats/oboInOwl#consider,http://uri.neuinfo.org/nif/nifstd/birnlex_930
UBERON:0028544,http://www.geneontology.org/formats/oboInOwl#consider,http://uri.neuinfo.org/nif/nifstd/birnlex_772
UBERON:0024326,http://www.geneontology.org/formats/oboInOwl#consider,http://uri.neuinfo.org/nif/nifstd/birnlex_1210
UBERON:0003047,http://www.geneontology.org/formats/oboInOwl#consider,http://uri.neuinfo.org/nif/nifstd/birnlex_993
UBERON:0026153,http://www.geneontology.org/formats/oboInOwl#consider,http://uri.neuinfo.org/nif/nifstd/birnlex_1406
UBERON:0023789,http://www.geneontology.org/formats/oboInOwl#consider,http://uri.neuinfo.org/nif/nifstd/birnlex_947
UBERON:0022515,http://www.geneontology.org/formats/oboInOwl#consider,http://uri.neuinfo.org/nif/nifstd/birnlex_1039
UBERON:0025827,http://www.geneontology.org/formats/oboInOwl#consider,http://uri.neuinfo.org/nif/nifstd/birnlex_1077
UBERON:0024524,http://www.geneontology.org/formats/oboInOwl#consider,http://uri.neuinfo.org/nif/nifstd/birnlex_1408
UBERON:0023791,http://www.geneontology.org/formats/oboInOwl#consider,http://uri.neuinfo.org/nif/nifstd/birnlex_949
UBERON:0006105,http://www.geneontology.org/formats/oboInOwl#consider,http://uri.neuinfo.org/nif/nifstd/birnlex_2522
UBERON:0022480,http://www.geneontology.org/formats/oboInOwl#consider,http://uri.neuinfo.org/nif/nifstd/birnlex_1003
