ID	label	SYNONYMS
BFO:0000002	continuant	
BFO:0000004	independent continuant	
BFO:0000040	material entity	
CL:0000633	Hensen cell	Hensen's cell|cell of Hensen|external limiting cell of organ of Corti
CL:0000634	Claudius cell	cell of Claudius|external supporting cell of Claudius|external supporting cell of vestibular epithelium
CL:0000635	Deiter's cell	Deiters cell|outer phalangeal cell
CL:0002084	Boettcher cell	Boettcher's cell|Bottcher cell|Bottcher's cell
CL:0002163	internal pillar cell of cochlea	
CL:0002164	external pillar cell of cochlea	
CL:0002165	phalangeal cell	
CL:0002168	border cell of cochlea	
CL:0002172	interdental cell of cochlea	interdental cell
CL:0002315	supporting cell of cochlea	
CL:0002490	organ of Corti supporting cell	
CL:0002556	fibroblast of periodontium	
CL:0005015	inner phalangeal cell	
CL:1000191	pillar cell	cochlear pillar cell|pillar cell of cochlea|pillar cell of corti|rod cell of Corti
CL:2000017	fibroblast of peridontal ligament	
CL:2000058	calvarial osteoblast	
UBERON:0000061	anatomical structure	biological structure|connected biological structure
UBERON:0000075	subdivision of skeletal system	skeletal system part|skeletal system subdivision
UBERON:0000209	tetrapod frontal bone	frontal|frontal bone|frontal bone|os frontal|os frontale
UBERON:0000210	tetrapod parietal bone	actinopterygian frontal bone|frontal bone|os parietale|os parietale|parietal|parietal bone
UBERON:0000221	supraauricular point	supra-auricular part of head
UBERON:0000401	mandibular ramus	lower ramus|mandible ramus|rami mandibulae|ramus mandibulae|ramus mandibulae|ramus of mandible
UBERON:0000465	material anatomical entity	
UBERON:0001035	dento-alveolar joint	dento-alveolar syndesmosis|gomphosis|peg-and-socket joint|socket|syndesmosis dentoalveolaris
UBERON:0001062	anatomical entity	
UBERON:0001098	incisor tooth	incisor
UBERON:0001676	occipital bone	occipital complex|occipital squama|os occipitale
UBERON:0001677	sphenoid bone	butterfly bone|os sphenoidale|os sphenoidale|os sphenoidale|os sphenoidum|sphenoid|sphenoid complex|sphenoidal bone
UBERON:0001679	ethmoid bone	ethmoid|ethmoidal bone|os ethmoidale|os ethmoidale
UBERON:0001680	lacrimal bone	infraorbital 1|lachrymal bone|lachrymal bone - infraorbital 1|lacrimal|lacrimal - infraorbital 1|lacrymal bone|lacrymal bone - infraorbital 1|os lacrimale
UBERON:0001681	nasal bone	adnasal@fr|nasal bones|nasal@fr|nasals|os nasale
UBERON:0001682	palatine bone	dermopalatine|os palatinum|palate bone|palatine|palatum
UBERON:0001683	jugal bone	cheek bone|jugal|jugal bone|jugale|malar bone|orbital bone|os zygomaticum|os zygomaticum|os zygomaticus|zygoma|zygoma|zygomatic|zygomatic bone
UBERON:0001684	mandible	inferior maxillary bone|lower jaw|lower jaw bone|lower mandibula|mammaliam mandible|mandibula|mandibula|mandibular series|mandibulla
UBERON:0001685	hyoid bone	hyoid|hyoid bone|hyoideum|lingual bone|os hyoideum|os hyoideum
UBERON:0001686	auditory ossicle bone	auditory bone|auditory ossicle|ear bone|ear ossicle|ear ossicles|middle ear bone|middle ear ossicle|ossicle|ossicle of ear|ossicle of inner ear|ossicular chain
UBERON:0001687	stapes bone	columella|columella auris|columellare|interstapediale|mediostapediale|mesostapediale|os columellare|os intermedium|stapellos|stapes|stelidium|stilus columellare|stirrup
UBERON:0001688	incus bone	incus|incus bone|quadrate - incus
UBERON:0001689	malleus bone	anguloarticular - malleus|malleus|malleus
UBERON:0001692	basioccipital bone	basi-occipital|basilar part of occipital bone|basinial@fr|basinioste@fr|basioccipital|basioccipital bone|basioccipital@fr|pars basilaris ossis occipitalis
UBERON:0001693	exoccipital bone	exoccipital|exoccipital@fr|exoccipitals|lateral part of occipital bone|occipital latéral@fr|pars lateralis|pars lateralis|pars lateralis ossis occipitalis|pleurinial@fr|pleurinioste@fr
UBERON:0001694	petrous part of temporal bone	pars petrosa (os temporale)|pars petrosa ossis temporalis|petromastoid part of temporal bone|petrosal|petrosal bone|petrous bone|temporal bone petrous part
UBERON:0001695	squamous part of temporal bone	os squamosum|pars squamosa (os temporale)|pars squamosa ossis temporalis|squama|squama temporalis|squama temporalis|squamosal|squamosal bone|squamosum|squamous bone|temporal bone squamous part
UBERON:0001697	orbit of skull	bony orbit|eye socket|orbit|orbit of skull
UBERON:0001698	foramen ovale of skull	foramen ovale|foramen ovale (skull)|foramen ovale basis cranii|foramen ovale cranii|foramen ovale of chondrocranium|foramen ovale of cranium|foramen ovale of sphenoid
UBERON:0001703	neurocranium	brain box|brain case|brain pan|braincase
UBERON:0001706	nasal septum	septal cartilage|septum mobile nasi|septum nasi|septum nasi|septum of the nose
UBERON:0001708	jaw skeleton	anterior splanchnocranium|jaw|jaw cartilage|jaws|mandibular arch|mandibular arch skeleton|oral jaw skeleton|pharyngeal arch 1 skeleton|visceral arch 1
UBERON:0001724	sphenoidal sinus	sinus sphenoidalis|sphenoid sinus
UBERON:0001725	cranial synchondrosis	
UBERON:0001738	thyroid cartilage	cartilago thyroidea|cartilago thyroidea|laryngeal prominence|pomus|pomus adamus
UBERON:0001739	laryngeal cartilage	cartilage of larynx|cartilagines laryngeales|larynx cartilage
UBERON:0001740	arytenoid cartilage	arytenoid|arytenoids|cartilagines arytenoidea|cartilago arytaenoidea|cartilago arytenoidea
UBERON:0001741	corniculate cartilage	Santorini's cartilage|cartilage of Santorini|cartilagines corniculata
UBERON:0001742	epiglottic cartilage	
UBERON:0001755	distal part of styloid process of temporal bone	distal part of styloid process|stylohyal|stylohyal bone
UBERON:0001758	periodontium	paradentium|periodontal ligament|periodontal membrane|tooth supporting structure
UBERON:0001760	frontal sinus	cavity of frontal bone|sinus frontales
UBERON:0001762	turbinate bone	concha|ossified nasal turbinal|ossified nasal turbinate|ossified turbinate|turbinal bone|turbinate bone
UBERON:0001764	maxillary sinus	Highmore antrum|antrum of Highmore|maxillary antrum|sinus maxilliaris
UBERON:0001825	paranasal sinus	nasal sinus|sinus
UBERON:0001839	bony labyrinth	labyrinthus osseus|osseous labyrinth|osseus labyrinth
UBERON:0001844	cochlea	cochleae|cochlear duct|cochlear organ|cochlear part of bony labyrinth|lagena|lagenas
UBERON:0001845	perilymph	liquor cotunnii|perilympha
UBERON:0001852	endolymph	Scarpa's fluid|endolympha|endolympha|endolymphatic fluid
UBERON:0001863	scala vestibuli	
UBERON:0001864	scala tympani	
UBERON:0002221	fontanelle	fontanel|fontanelles|fontanels|fonticuli cranii
UBERON:0002229	interparietal bone	inca bone|inter-parietal bone|interparietal|os interparietale|ossicle of Goethe|post-parietal bone|postparietal|postparietal bone
UBERON:0002241	chondrocranium	calvarium|neurocranium
UBERON:0002244	premaxilla	incisive bone|os incisivum|premaxilla bone|premaxillae|premaxillary|premaxillary bone
UBERON:0002279	vestibular aqueduct	aqueductus vestibuli
UBERON:0002295	scala media	cochlear duct
UBERON:0002375	cricoid cartilage	cartilaginis cricoideae|cartilago cricoidea|cartilago cricoidea|cartilago cricotrachealis|cricoid|cricoidea|innominate cartilage|krykoid cartilage
UBERON:0002396	vomer	prevomer|vomer bone
UBERON:0002397	maxilla	maxillae|maxillary bone|upper jaw bone
UBERON:0002453	ethmoid sinus	cellulae ethmoidales|ethmoidal air cell|ethmoidal bone sinus|ethmoidal sinus
UBERON:0002478	orbitosphenoid	ala minor (os sphenoidale)|ala minor ossis sphenoidalis|alae parvae|conchosphénocïde@fr|ingrassia's process|lesser wing of sphenoid|lesser wing of sphenoid bone|lesser wing of sphenoidal bone|orbito-sphénocïde@fr|orbitosphenoid bone|orbitosphenoids
UBERON:0002489	coronal suture	coronal suture of skull|fronto-parietal suture|frontoparietal suture|sutura coronalis
UBERON:0002490	frontal suture	frontal suture of skull|median frontal suture|metopic suture|sutura frontalis|sutura frontalis|sutura metopica
UBERON:0002491	lambdoid suture	lambdoid suture of skull|lambdoidal suture|sutura lambdoidea|sutura lambdoidea
UBERON:0002492	sagittal suture	sagittal suture of skull|sutura sagittalis
UBERON:0002496	stapes base	base of stapes|basis stapedis|footplate|stapes footpiece|stapes footplate
UBERON:0002500	zygomatic arch	arcus zygomaticus|zygoma
UBERON:0002501	oval window	fenestra ovalis|fenestra vestibuli|oval window of petrous part of temporal bone|vestibular window
UBERON:0002502	round window of inner ear	cochlear window|fenestra cochleae|fenestra rotunda|round window|round window of petrous part of temporal bone
UBERON:0002510	anterior fontanel	anterior fontanelle|bregmatic fontanelle|fonticulus anterior|frontal fontanelle
UBERON:0002517	basicranium	base of cranium|base of skull|basis cranii|cranial base
UBERON:0002819	apex of cochlea	apex of cochlear canal|apex of the cochlear canal|cochlea apex|cupula of cochlea|cupula of the cochlear canal
UBERON:0003107	Meckel's cartilage	Meckels cartilage|cartilago arcus pharyngei primi|primary mandinle|ventral mandibular cartilage
UBERON:0003108	suspensorium	hyopalatine|mandibular suspensorium|suspensoria
UBERON:0003110	otic region	cranial vault
UBERON:0003111	sphenoid region	
UBERON:0003112	olfactory region	ethmoid region
UBERON:0003113	dermatocranium	dendrocranium|dermal bone cranium|dermal part of skull|dermal skull bones|dermal skull roof|dermatocranial cover|exocranium|roof of skull|roofing bones of the skull|skull exoskeleton|skull roof
UBERON:0003128	cranium	bones of cranium|calvarium|epicranial plate|ossa cranii|set of bones of cranium|skeletal system of head|skull minus mandible|upper part of skull
UBERON:0003129	skull	cranial skeleton|skeletal system of head
UBERON:0003267	tooth of upper jaw	maxillary tooth|upper jaw tooth
UBERON:0003268	tooth of lower jaw	calcareous tooth of lower jaw|lower jaw calcareous tooth|lower jaw dentine containing tooth|lower jaw tooth|lower jaw vertebrate tooth|mandibular tooth
UBERON:0003277	skeleton of upper jaw	upper jaw|upper jaw skeleton
UBERON:0003278	skeleton of lower jaw	lower jaw|lower jaw|lower jaw skeleton|mandible|mandibles|mandibular series
UBERON:0003317	odontogenic papilla of incisor	incisor dental papilla|incisor odontogenic papilla|incisor tooth odontogenic papilla|odontogenic papilla of incisor tooth
UBERON:0003355	epithelium of incisor	epithelial tissue of incisor|epithelial tissue of incisor tooth|epithelium of incisor tooth|incisor epithelial tissue|incisor epithelium|incisor tooth epithelial tissue|incisor tooth epithelium
UBERON:0003356	epithelium of nasal septum	epithelial tissue of nasal septum|nasal septum epithelial tissue|nasal septum epithelium
UBERON:0003407	cartilage of nasal septum	cartilago septal nasi|nasal septum cartilage|septal nasal cartilage
UBERON:0003414	mesenchyme of mandible	bone of lower jaw mesenchyme|bone of ventral mandibular arch mesenchyme|bone organ of lower jaw mesenchyme|bone organ of ventral mandibular arch mesenchyme|lower jaw bone mesenchyme|lower jaw bone organ mesenchyme|mandible mesenchyme|mandibulla mesenchyme|mesenchyme of bone of lower jaw|mesenchyme of bone of ventral mandibular arch|mesenchyme of bone organ of lower jaw|mesenchyme of bone organ of ventral mandibular arch|mesenchyme of lower jaw bone|mesenchyme of lower jaw bone organ|mesenchyme of mandibulla|mesenchyme of ventral mandibular arch bone|mesenchyme of ventral mandibular arch bone organ|ventral mandibular arch bone mesenchyme|ventral mandibular arch bone organ mesenchyme
UBERON:0003415	mesenchyme of nasal septum	nasal septum mesenchyme
UBERON:0003450	upper jaw incisor	incisor of palatoquadrate arch|incisor of upper jaw|incisor tooth of palatoquadrate arch|incisor tooth of upper jaw|maxillary incisor tooth|palatoquadrate arch incisor|palatoquadrate arch incisor tooth|premaxillary tooth|upper incisor|upper jaw incisor tooth
UBERON:0003451	lower jaw incisor	incisor of lower jaw|incisor of ventral mandibular arch|incisor tooth of lower jaw|incisor tooth of ventral mandibular arch|lower incisor|lower jaw incisor tooth|mandibular incisor|ventral mandibular arch incisor|ventral mandibular arch incisor tooth
UBERON:0003462	facial bone	bone of facial skeleton|bone of viscerocranium|facial bone|facial skeleton bone|viscerocranium bone
UBERON:0003666	upper jaw molar	maxillary secondary molar tooth|molar tooth of upper jaw|upper jaw molar tooth|upper molar|upper molar tooth|upper permanent molar tooth|upper secondary molar tooth
UBERON:0003667	lower jaw molar	lower jaw molar tooth|lower molar|lower molar tooth|molar tooth of lower jaw
UBERON:0003672	dentition	collection of teeth|dentes|set of teeth|teeth|teeth|teeth set
UBERON:0003685	cranial suture	cranium suture|sutura|suture|suture joint of skull|suture of cranium
UBERON:0003686	tooth socket	alveolus dentali|alveolus dentalis|alveolus dentalis|dental alveolus|dental alveolus
UBERON:0003687	foramen magnum	
UBERON:0003689	sella turcica	Turkey Chair|suprasellar|turkish saddle
UBERON:0003720	anterior cranial fossa	anterior fossa|fossa cranii anterior
UBERON:0003722	middle cranial fossa	fossa cranii media|middle fossa
UBERON:0003932	cartilage element of chondrocranium	cartilage of chondrocranium|cartilaginous element of chondrocranium|chondrocranium cartilage|neurocranium cartilage
UBERON:0003933	cranial cartilage	cartilage of cranium|cranial cartilages|cranium cartilage
UBERON:0003954	squamoparietal suture	squamo-parietal suture|squamoparietal suture of skull|squamosal suture|squamous suture|squamous suture of skull|sutura squamosa cranii
UBERON:0003960	styloid process of temporal bone	processus styloideus|processus styloideus ossis temporalis|processus styloideus ossis temporalis|styloid process|styloid process of petrous part of temporal bone|temporal styloid process
UBERON:0003966	gonial bone	gonium
UBERON:0003971	interfrontal bone	
UBERON:0003973	nasal concha of ethmoid bone	ethmo-turbinate|ethmoturbinal|ethmoturbinate|nasal turbinate of ethmoid bone|turbinate of ethmoid bone
UBERON:0003995	subarcuate fossa	fossa subarcuata
UBERON:0003997	hyoid bone greater horn	cornu majus|cornu majus ossis hyoidei|cornua majora|epibranchial|epibranchial of gill arch I|epibranchial of pharyngeal arch III|greater cornu|greater cornua|greater cornua|greater horn|greater horn of hyoid|greater horn of hyoid bone|greater horn of the hyoid|hyoid bone greater cornu|hyoid bone long horn|hyoid bone superior horn|hyoid bone upper horn|posterior horn of hyoid|second horn of hyoid|tyrohal|tyrohals
UBERON:0003998	hyoid bone lesser horn	anterior horn of hyoid|ceratohyal|cornu minus|cornu minus ossis hyoidei|hyoid bone lesser cornu|hyoid bone lower horn|lesser cornu|lesser cornu of hyoid|lesser cornua|lesser horn|lesser horn of hyoid|lesser horn of hyoid bone|lesser horn of the hyoid
UBERON:0003999	hyoid bone body	base of hyoid bone|basihyal bone|basihyoid bone|body of hyoid|body of hyoid bone|corpus ossis hyoidei|hyoid bone base
UBERON:0004103	alveolar ridge	alveolar body|alveolar bone|alveolar margin|alveolar process|margo alveolaris
UBERON:0004108	clivus of occipital bone	Wackenheim's clivus line|clivus|clivus ossis occipitalis|occipital bone clivus
UBERON:0004273	cartilaginous joint suture	articulatio cartilaginea cranial suture|articulatio cartilaginea cranial sutures|articulatio cartilaginea cranial sutures set|articulatio cartilaginea cranium suture|articulatio cartilaginea suture of cranium|cartilaginous joint cranial suture|cartilaginous joint cranial sutures|cartilaginous joint cranial sutures set|cartilaginous joint cranium suture|cartilaginous joint suture of cranium|cranial suture of articulatio cartilaginea|cranial suture of cartilaginous joint|cranial sutures of articulatio cartilaginea|cranial sutures of cartilaginous joint|cranial sutures set of articulatio cartilaginea|cranial sutures set of cartilaginous joint|cranium suture of articulatio cartilaginea|cranium suture of cartilaginous joint|suture of cranium of articulatio cartilaginea|suture of cranium of cartilaginous joint
UBERON:0004339	vault of skull	calva|calvaria|calvarium|cranial vault|skull roof|skull vault|skullcap
UBERON:0004527	alveolar process of maxilla	alveolar margin of maxilla|alveolar part of maxilla|alveolar process of maxilla|alveolar ridge of maxilla|lower alveolar ridge|maxilla alveolar process|pars dentalis of maxilla|posterior alveolar ridge|processus alveolaris (maxilla)|processus alveolaris maxillae
UBERON:0004528	alveolar ridge of mandible	alveolar arch of mandible|alveolar margin of mandible|alveolar part of mandible|alveolar process of mandible|anterior alveolar ridge|pars alveolaris (mandibula)|pars alveolaris mandibulae|upper alveolar ridge
UBERON:0004546	cribriform plate	cribiform plate of ethmoid bone|ethmoid bone lamina cribrosa|horizontal lamina of ethmoid bone|lamina cribrosa of ethmoid bone|lamina cribrosa ossis ethmoidalis
UBERON:0004637	otic capsule	auditory capsule|otic capsule|otic capsule element|otic capsule endochondral element|otic capsule skeletal element|otic region|periotic|periotic capsule
UBERON:0004649	sphenoid bone pterygoid process	processus pterygoideus|processus pterygoideus ossis sphenoidalis|processus pterygoideus ossis sphenoidalis|pterygoid plate|pterygoid process|pterygoid process|pterygoid process of sphenoid|pterygoid process of sphenoid bone|pterygoid process of sphenoid bone|pterygoid processes|pterygoid processus
UBERON:0004654	temporal process of zygomatic bone	facies temporalis ossis zygomatici|processus temporalis (os zygomaticum)|processus temporalis ossis zygomatici|zygomatic bone temporal process
UBERON:0004655	zygomatic process of temporal bone	processus zygomaticus|processus zygomaticus ossis temporalis|temporal bone zygomatic process|temporal zygomatic process|zygomatic appendage of temporal bone
UBERON:0004657	mandible condylar process	condylar process of mandible|condyle of mandible|condyle of the mandible|condyle of the mandible|condyloid process|mandibular condyle|mandibular condyloid process|processus condylaris|processus condylaris mandibulae
UBERON:0004658	mandible head	head of mandible|mandibular head
UBERON:0004659	mandible neck	mandibular neck|neck of mandible
UBERON:0004660	mandible coronoid process	coronoid|coronoid process of mandible|mandibular coronoid process|processus coronoideus (mandibula)|processus coronoideus mandibulae
UBERON:0004661	mandible temporal crest	crista temporalis (mandibulae)|crista temporalis mandibulae|mandibular temporal crest|temporal crest of mandible
UBERON:0004740	basibranchial bone	basibranchial bone|basibranchial bones|copula 1 bone|copula I bone
UBERON:0004742	dentary	dentale|dentaries|dentary bone|os dentale|sur-angulaire
UBERON:0004744	articular/anguloarticular	angulaire|angulare|angulo-articular|anguloarticular|anguloarticular - malleus|articular|dermarticulare|goniale|operculo angulaire
UBERON:0004745	parasphenoid	keilbein|os parasphenoidale|os sphenoideum|parabasale
UBERON:0004746	prootic bone	prootic|prootics
UBERON:0004747	supraoccipital bone	acrinial@fr|acrinioste@fr|supraoccipital|supraoccipital@fr
UBERON:0004751	hypohyal bone	hypohyals
UBERON:0004752	palatoquadrate cartilage	dorsal mandibular cartilage|palatoquadrate|pterygoquadrate|quadrate cartilage
UBERON:0004766	cranial bone	cranium bone
UBERON:0004767	vomerine tooth	
UBERON:0004768	bone of lower jaw	lower jaw bone
UBERON:0004771	posterior nasal aperture	choana|choanae|internal naris|nasopharyngeal naris|posterior choana|posterior naris|posterior nasal apperture
UBERON:0004825	dental lamina	embryonic dental lamina|fetal dental lamina|lamina dentalis
UBERON:0004865	actinopterygian parietal bone	actinopterygian parietal|frontal bone|parietal bone|parietals|post parietal
UBERON:0004866	actinopterygian frontal bone	actinopterygian frontal|actinopterygian frontal bone|frontal bone|frontals
UBERON:0004867	orbital cavity	orbit
UBERON:0005018	mucosa of nasal septum	mucosa of organ of nasal septum|mucous membrane of nasal septum|nasal septum mucosa|nasal septum mucosa of organ|nasal septum mucous membrane|nasal septum organ mucosa|organ mucosa of nasal septum
UBERON:0005236	osseus labyrinth vestibule	bony labyrinth vestibule|inner ear vestibule|inner ear vestibulum|osseous labyrinth vestibule|vestibular apparatus|vestibular part of bony labyrinth|vestibule|vestibule of bony labyrinth|vestibulum auris|vestibulum labyrinthi
UBERON:0005342	malleus head	head of malleus
UBERON:0005354	malleus processus brevis	
UBERON:0005355	malleus neck	collum mallei|neck of malleus
UBERON:0005404	frontonasal suture	articulation of the nasal bone with frontal bone|frontonasal suture of skull
UBERON:0005410	cartilaginous otic capsule	auditory capsule|otic capsule cartilage element
UBERON:0005411	bony otic capsule	otic capsule bone
UBERON:0005446	foramen rotundum	foramen rotundum of the skull|foramen rotundum ossis sphenoidalis|round foramen
UBERON:0005456	jugular foramen	Posterior lacerate foramen|foramen jugulare
UBERON:0005480	superior orbital fissure	fissura orbitalis superior|fissura orbitalis superior|sphenoidal fissure|supraorbital fissure
UBERON:0005619	secondary palatal shelf	lateral palatine process|palatal shelf|palatal shelves|palatine shelf|secondary palatal shelf
UBERON:0005620	primary palate	palatum primarium|primary palate|primary palate process|primitive palate|processus palatinus medianus
UBERON:0005653	upper jaw molar epithelium	
UBERON:0005654	lower jaw molar epithelium	
UBERON:0005658	secondary palatal shelf epithelium	palatal shelf epithelium
UBERON:0005659	primary palate epithelium	
UBERON:0005687	orbitosphenoid cartilage element	sphenoid lesser wing cartilage element
UBERON:0005700	upper jaw molar odontogenic papilla	upper jaw molar dental papilla|upper molar mesenchyme
UBERON:0005701	lower jaw molar odontogenic papilla	lower jaw molar dental papilla|lower molar mesenchyme
UBERON:0005704	secondary palatal shelf mesenchyme	palatal shelf mesenchyme
UBERON:0005705	primary palate mesenchyme	
UBERON:0005707	upper jaw incisor odontogenic papilla	upper incisor mesenchyme|upper jaw incisor dental papilla
UBERON:0005708	lower jaw incisor odontogenic papilla	lower incisor mesenchyme|lower jaw incisor dental papilla
UBERON:0005709	upper jaw incisor epithelium	
UBERON:0005710	lower jaw incisor epithelium	
UBERON:0005745	optic foramen	canalis opticus|foramen opticum ossis sphenoidalis|optic canal|optic foramen|optic nerve (II) foramen|optic nerve foramen
UBERON:0005869	maxillary process of inferior nasal concha	maxillary process of inferior concha|maxillary process of inferior nasal turbinate|maxillary process of inferior turbinate|p. maxillaris conchae nasalis inferioris|processus maxillaris (concha nasalis inferior)|processus maxillaris conchae nasalis inferioris
UBERON:0005871	palatine process of maxilla	lamina horizontalis|palatal process|palatine process|pars palatina of maxilla|processus palatinus (maxilla)|processus palatinus maxillae|processus palatinus ossis maxillae
UBERON:0005884	hyoid arch skeleton	hyal@fr|hyocïde@fr|hyoid arch|hyoid arch skeleton|hyoid bars|pharyngeal arch 2 skeleton|visceral arch 2
UBERON:0005886	post-hyoid pharyngeal arch skeleton	branchial arch skeleton|gill arch 1-5 skeleton|gill arch skeleton|gill arches 1-5 skeleton|pharyngeal arch 3-7 skeleton|pharyngeal arch skeleton 3-7|visceral arch skeleton
UBERON:0005902	occipital region	back of head|basicranial region|occipital part of head|occipital region of head
UBERON:0005919	supreme nasal concha	concha nasi suprema|highest nasal concha|supreme nasal turbinate|supreme turbinate
UBERON:0005920	superior nasal concha	superior concha|superior nasal turbinate|superior turbinate
UBERON:0005921	middle nasal concha	middle concha|middle nasal turbinate|middle turbinate
UBERON:0005922	inferior nasal concha	concha nasalis inferior|concha nasi inferior|inferior concha|inferior nasal turbinate|inferior nasal turbinate bone|inferior turbinate|inferior turbinated|maxilloturbinal
UBERON:0005925	ethmoidal process of inferior nasal concha	ethmoidal process of inferior concha|ethmoidal process of inferior nasal turbinate|ethmoidal process of inferior turbinate|ethmoturbinal|processus ethmoidalis (concha nasalis inferior)|processus ethmoidalis conchae nasalis inferioris|processus ethmoidalis conchae nasalis inferioris
UBERON:0005945	neurocranial trabecula	neurocranial trabeculae|trabecula|trabecular cartilage
UBERON:0006006	metoptic pillar	postoptic pillar
UBERON:0006106	cochlear canal	cochlear canal|spiral canal of cochlea|spiral vessel|wall of cochlea
UBERON:0006209	basioccipital cartilage element	
UBERON:0006227	ethmoid bone primordium	
UBERON:0006228	exoccipital pre-cartilage condensation	
UBERON:0006231	facial bone primordium	facial bones primordia|facial skeleton primordium|viscerocranium primordium
UBERON:0006248	incus pre-cartilage condensation	
UBERON:0006262	malleus pre-cartilage condensation	
UBERON:0006271	orbital fissure	
UBERON:0006294	stapes pre-cartilage condensation	stapedial anlage
UBERON:0006326	base of arytenoid	arytenoid cartilage base|base of arytenoid|base of arytenoid cartilage
UBERON:0006428	basisphenoid bone	basisphenoid|basisphénocïde@fr|propituital@fr
UBERON:0006494	apex of arytenoid	apex of arytenoid cartilage|arytenoid cartilage apex
UBERON:0006495	osseus cochlear canal	osseous cochlear canal
UBERON:0006586	otolymph	labyrinthine fluid
UBERON:0006597	quadrate bone	quadrate|quadrate - incus|quadrate bone|quadrates
UBERON:0006604	lamina orbitonasalis	laminas orbitonasalis
UBERON:0006605	tectum synoticum	
UBERON:0006667	pituitary fossa	cavity of hypophyseal fossa|cavity of sella turcica|hypophyseal fossa|hypophysial fossa|pituitary fossa
UBERON:0006668	carotid canal	canalis caroticus
UBERON:0006672	incisive canal	canales incisivi|canalis incisivus
UBERON:0006673	mandibular canal	inferior alveolar canal
UBERON:0006682	hypoglossal canal	anterior condylar canal|canalis nervi hypoglossi|hyperglossal canal
UBERON:0006683	posterior fontanelle	fonticulus posterior|occipital fontanelle|posterior fontanelle of skull
UBERON:0006684	sphenoidal fontanelle	sphenoidal fontanelle
UBERON:0006713	foramen cecum of frontal bone	f. caecum ossis frontalis|foramen caecum ossis frontalis
UBERON:0006721	alisphenoid bone	ala major (os sphenoidale)|ala major ossis sphenoidalis|alisphenoid bone|epipterygoid|epipterygoid bone|greater wing of sphenoid|greater wing of sphenoid bone|greater wing of sphenoidal bone
UBERON:0006722	manubrium of malleus	handle of malleus|malleal manubrium|malleus handle|malleus handle|malleus manubrium|manubrium mallei|manubrium of malleus|manubrium of malleus
UBERON:0006723	cochlear modiolus	cochlea modiolus|columella cochleae|modiolus|modiolus cochleae|modiolus of cochlea
UBERON:0006724	osseus spiral lamina	lamina modioli cochleae|lamina of modiolus cochleae|lamina of modiolus of cochlea|osseous spiral lamina|osseous spiral lamina of cochlea|spiral lamina|spiral lamina of modiolus
UBERON:0006811	occipital condyle	condylus occipitalis|exoccipital condyle
UBERON:0006812	mental foramen	foramen mentale|foramen mentalis|mental foramina
UBERON:0006813	nasal skeleton	skeleton of nose
UBERON:0006959	mandible angular process	angle of mandible|mandibular angle
UBERON:0007115	deciduous tooth	dentes decidui|primary tooth|temporary tooth
UBERON:0007116	primary dentition	baby teeth|deciduous dentition|deciduous teeth|dentes decidui|milk teeth|primary teeth|primary teeth|set of deciduous teeth|set of primary teeth|tooth of primary dentition
UBERON:0007170	squamous part of occipital bone	occipital squama|occipital squama|squama occipitalis|squama occipitalis|squama of occipital bone
UBERON:0007215	trabecula cranii	trabeculae cranii
UBERON:0007223	osseus cochlea	
UBERON:0007374	incus cartilage element	
UBERON:0007774	secondary dentition	adult dentition|dentes permanentes|permanent dentition|permanent teeth|secondary dentition|set of permanent teeth|set of secondary teeth
UBERON:0007775	secondary tooth	dentes permanentes|permanent tooth
UBERON:0007799	mixed dentition	transitional dentition
UBERON:0007804	sclerotic ring	scleral ring
UBERON:0007833	osseus semicircular canal	osseous semicircular canal
UBERON:0008266	periodontal ligament	PDL|alveolar periosteum|alveolodental ligament|alveolodental membrane|desmodontium|fibra periodontalis|odontoperiosteum|paradentium|peridental membrane|peridontal fiber|peridontal fibre|peridontal ligament|peridontal ligament fiber|peridontal ligament fibre|peridontal membrane|peridontium|periodontal fiber|periodontal fibre|periodontium
UBERON:0008788	posterior cranial fossa	fossa cranii posterior|posterior fossa
UBERON:0008789	cranial fossa	
UBERON:0008809	foramina of scarpa	foramina of scarpa
UBERON:0008828	presphenoid bone	presphenoidal bone
UBERON:0008895	splanchnocranium	branchial arch skeleton|gill arch skeleton|pharyngeal arch|pharyngeal arch skeleton|pharyngeal endoskeleton|pharyngeal skeleton|visceral cranium|visceral skeletal system|visceral skeleton|viscerocranium
UBERON:0008959	auditory bulla	auditory bullae|bulla|bulla tympanica|sigmoid process|tympanic bulla
UBERON:0009191	sphenoid bone pre-cartilage condensation	
UBERON:0009192	basisphenoid pre-cartilage condensation	basi-sphenoid pre-cartilage condensation
UBERON:0009193	sphenoid cartilage element	sphenoid bone cartilage condensation
UBERON:0009194	basisphenoid cartilage condenstion	basisphenoid cartilage condensation
UBERON:0009197	basioccipital pre-cartilage condensation	
UBERON:0009198	craniofacial suture	articulation of skull bones|joint of the skull bones
UBERON:0009199	facial suture	
UBERON:0009203	internasal suture	inter-nasal suture|internasal suture of skull|nasal suture|sutura internasalis|sutura internasalis
UBERON:0009468	basiotic bone	basiotic
UBERON:0009470	postsphenoidal bone	
UBERON:0009635	parachordal cartilage	parachordal cartilages
UBERON:0009636	prechordal cartilage	
UBERON:0009639	body of sphenoid	Entire body of sphenoid bone|body of sphenoidal bone|central body of sphenoid|corpus (os sphenoidale)|corpus ossis sphenoidalis|sphenoid body
UBERON:0009640	hypophyseal cartilage	
UBERON:0009678	tooth row	dental arcade|row of teeth|tooth rows
UBERON:0009679	set of lower jaw teeth	arcus dentalis inferior|lower dental arcade|lower jaw teeth|mandibular dental arcade|set of all lower teeth
UBERON:0009680	set of upper jaw teeth	arcus dentalis superior|maxillary dental arcade|set of all upper teeth|upper dental arcade|upper jaw teeth
UBERON:0009977	natal tooth	natal teeth|natal tooth
UBERON:0010000	multicellular anatomical structure	multicellular structure
UBERON:0010054	malleus cartilage element	
UBERON:0010055	stapes cartilage element	
UBERON:0010155	parietomastoid suture	parieto-mastoid suture of skull|parietomastoid suture of skull
UBERON:0010156	sphenofrontal suture	frontosphenoid suture|spheno-frontal suture|sphenofrontal|sphenofrontal suture of skull|sutura sphenofrontalis|sutura sphenofrontalis
UBERON:0010157	sphenoparietal suture	spheno-parietal suture|sphenoparietal suture of skull|sutura sphenoparietalis
UBERON:0010158	sphenozygomatic suture	sphenozygomatica suture of skull|sutura sphenozygomatica
UBERON:0010159	occipitomastoid suture	occipito-mastoid suture|occipitomastoid suture of skull|sutura occipitomastoidea|sutura occipitomastoidea
UBERON:0010212	laryngeal apparatus	laryngeal cartilage system
UBERON:0010213	laryngeal pre-cartilage condensation	
UBERON:0010214	cricoid pre-cartilage condensation	
UBERON:0010215	arytenoid swellings	
UBERON:0010219	thyroid pre-cartilage condensation	
UBERON:0010220	arytenoid pre-cartilage condensation	arytenoid swelling pre-cartilage condensation
UBERON:0010221	laryngeal associated mesenchyme	
UBERON:0010272	hyoid apparatus	apparatus hyobranchialis|apparatus hyoideus|hyobranchial apparatus|hyolingual system
UBERON:0010273	zone of hyoid bone	hyoid bone zone
UBERON:0010289	scleral cartilage	scleral cartilage element|scleral cartilaginous cup|sclerotic cartilage|sclerotic cartilages
UBERON:0010290	scleral ossicle	scleral ossicle|sclerotic bone|sclerotic ossicle
UBERON:0010296	scleral skeletal element	
UBERON:0010297	endochondral scleral ossicle	sclerotic bones
UBERON:0010298	intramembranous scleral ossicle	
UBERON:0010308	os opticus	Gemminger's ossicle|os nervi optici
UBERON:0010309	palpebral bone	palpebral
UBERON:0010310	nictitating membrane lamina	cartilago intercipiens|nictitating membrane cartilage
UBERON:0010311	scleral sesamoid bone	scleral sesamoid|scleral sesamoid element|sesamoideum esclerae
UBERON:0010321	skeletal element of eye region	eye skeleton|ocular skeleton|skeletal element of orbital region
UBERON:0010323	cranial skeletal system	cranial skeleton|cranium|osteocranium
UBERON:0010326	optic pedicel	eye stalk
UBERON:0010349	otic capsule pre-cartilage condensation	otic capsule anlage
UBERON:0010372	uncinate process of ethmoid	processus uncinatus|processus uncinatus ossis ethmoidalis|uncinate process|uncinate process of the ethmoid|uncinate process of the ethmoid bone
UBERON:0010389	pterygoid bone	inner plate of pterygoid process|lamina lateralis (processus pterygoideus)|lamina lateralis processi pterygoideus ossis sphenoidalis|lateral lamina of pterygoid process|lateral plate of pterygoid process|lateral plate of sphenoid|lateral pterygoid plate|pterygoid
UBERON:0010727	sutural bone	Wormian bone
UBERON:0010728	sphenoid lesser wing pre-cartilage condensation	
UBERON:0010732	alisphenoid pre-cartilage condensation	sphenoid greater wing pre-cartilage condensation
UBERON:0010733	alisphenoid cartilage element	alisphenoid cartilage|sphenoid greater wing cartilage condensation
UBERON:0010750	prefrontal bone	prefrontal
UBERON:0010751	squamous part of temporal bone primordium	squamosal bone primordium|squamosal primordium
UBERON:0010752	exoccipital cartilage element	
UBERON:0010889	ectethmoid	dorsal nasal capsule
UBERON:0010892	mesethmoid element	mesethmoid|ventral nasal capsule
UBERON:0010908	paraglossale	paraglossale bone
UBERON:0010910	opisthotic	
UBERON:0011002	articular cartilage element	articular cartilages
UBERON:0011004	pharyngeal arch cartilage	pharyngeal arch cartilages|splanchnocranium cartilage
UBERON:0011078	endolymphatic space	
UBERON:0011079	angular bone	angular|angular bones|postoperculare|praearticulare
UBERON:0011085	palatoquadrate arch	dorsal mandibular arch|dorsal pharyngeal arch 1|dorsal visceral arch 1|dorsal visceral arch 1|palatoquadrate arch|upper jaw|upper pharyngeal jaw|upper pharyngeal jaw
UBERON:0011120	laryngeal joint	joint of larynx|laryngeal articulation
UBERON:0011121	cricothyroid joint	crico-thyroid joint|cricothyroid articulation
UBERON:0011122	cricoarytenoid joint	crico-arytenoid joint|crico-arytenoid joint|cricoarytenoid articulation
UBERON:0011130	temporomandibular joint primordium	temporo-mandibular joint primordium
UBERON:0011152	dorsal hyoid arch skeleton	dorsal hyoid arch|dorsal pharyngeal arch 2 skeleton|dorsal visceral arch 2
UBERON:0011153	ventral hyoid arch skeleton	ventral hyoid arch|ventral pharyngeal arch 2 skeleton|ventral visceral arch 2
UBERON:0011156	facial skeleton	facial bone|facial skeleton|ossa facialia|ossa faciei|viscerocranium
UBERON:0011157	cuneiform cartilage	Wrisbergi cartilage|cartilage of Morgagni|cartilage of Wrisberg|cartilagines cuneiformes|cartilago apicalis intermedia|cartilago apicalis seu cartilago Santoriniana
UBERON:0011158	primary subdivision of skull	skull subdivision|subdivision of skull
UBERON:0011159	primary subdivision of cranial skeletal system	
UBERON:0011160	nasal suture	
UBERON:0011161	spheno-occipital synchondrosis	
UBERON:0011162	supraoccipital cartilage element	non-squamous part of supraoccipital bone|supra-occipital cartilage condensation|supraoccipital cartilage condensation
UBERON:0011163	supraoccipital pre-cartilage condensation	supra-occipital pre-cartilage condensation
UBERON:0011164	neurocranium bone	chondrocranium bone
UBERON:0011167	septomaxilla bone	internasale|intranasal|lacrimale|le cornet|nariale|nasale|os internasale|os nariale|septomaxilla|septomaxillary|turbinale
UBERON:0011168	postfrontal bone	postfrontal
UBERON:0011169	postorbital bone	postorbital
UBERON:0011216	organ system subdivision	
UBERON:0011238	mesethmoid bone	dermethmocïde@fr|ethmoid|mésethmocïde@fr
UBERON:0011241	ethmoid region	
UBERON:0011242	ethmoid cartilage	ethmoid cartilages|ethmoid plate
UBERON:0011244	perpendicular plate of ethmoid	lamina perpendicularis (os ethmoidale)|lamina perpendicularis of ethmoid bone|lamina perpendicularis ossis ethmoidalis|perpendicular plate|perpendicular plate of the ethmoid bone|vertical plate of the ethmoid bone
UBERON:0011245	infra-orbital canal of maxilla	canalis infra-orbitalis|canalis infraorbitalis|infra-orbital canal|infraorbital canal
UBERON:0011267	quadratojugal bone	quadratjochbeine|quadrato-jugals|quadrato-maxillare|quadratojugal|quadratojugale|tympano maleaux
UBERON:0011287	rostral organ	
UBERON:0011309	body of mandible	body of the mandible|corpus mandibulae|mandibular body
UBERON:0011310	masseteric fossa	masseteric cavity
UBERON:0011342	surface of mandible	mandibular surface
UBERON:0011343	medial surface of mandible	internal surface of ramus of mandible|medial surface of mandibular ramus|medial surface of ramus of mandible
UBERON:0011344	lateral surface of mandible	external surface of ramus of mandible|lateral surface of mandibular ramus|lateral surface of ramus of mandible
UBERON:0011576	supraorbital ridge	arcus superciliaris|eyebrow bone|frontal torus|frontal torus|margin of the orbit|margo supraorbitalis|margo supraorbitalis (os frontale)|orbital ridge|superciliary ridge|superior orbital rim|supra-orbital border of frontal bone|supra-orbital margin|supra-orbital margin of frontal bone|supra-orbital ridge|supraorbital arch|supraorbital margin|supraorbital margin|supraorbital margin of frontal bone|supraorbital surface of frontal bone|supraorbital torus|supraorbital torus
UBERON:0011593	maxillary tooth	maxillary teeth
UBERON:0011594	dentary tooth	mandibular teeth|mandibular tooth|tooth of dentary
UBERON:0011597	bone of upper jaw	upper jaw bone
UBERON:0011598	coronoid bone	coronoid process
UBERON:0011599	lenticular process of incus bone	incus crus longum|lenticular process|lenticular process of incus|processus lenticularis|processus lenticularis (incus)|processus lenticularis incudis
UBERON:0011603	coronoid tooth	coronoid teeth
UBERON:0011606	hyomandibular bone	hyomandibula|hyomandibular
UBERON:0011607	hyomandibular cartilage	hyosymplectic cartilage|symplectic cartilage
UBERON:0011608	hyomandibular element	epihyal|hyomandibula|hyomandibula - stapes|hyomandibula element
UBERON:0011609	ceratohyal element	keratohyal element
UBERON:0011610	ceratohyal cartilage	
UBERON:0011611	ceratohyal bone	anterior ceratohyal|anterohyal|anterohyals|ceratohyal|ceratohyal anterior|ceratohyal bone|ceratohyale|ceratohyals|ceratohyoid|ceratohyoid bone|distal ceratohyal|hyale|hyoid|keratohyale|rostral ceratohyal|zungenbeinknorpel
UBERON:0011612	hypohyal cartilage	
UBERON:0011613	hypohyal element	
UBERON:0011614	basihyal element	
UBERON:0011615	basihyal cartilage	copula 1
UBERON:0011618	basihyal bone	basihyoid|glossohyal
UBERON:0011619	stylohyoid bone	
UBERON:0011620	basihyal lingual process	lingual process of basihyoid|lingual process of basihyoid bone|lingual process of hyoid
UBERON:0011621	thyrohyoid cartilage	
UBERON:0011622	thyrohyoid bone	
UBERON:0011623	horn of thyroid cartilage	cornu of thyroid cartilage|thyroid cartilage horn
UBERON:0011624	superior horn of thyroid cartilage	cornu superius (cartilago thyroidea)|cornu superius cartilaginis thyroideae|superior cornu of thyroid cartilage
UBERON:0011625	inferior horn of thyroid cartilage	cornu inferius (cartilago thyroidea)|cornu inferius cartilaginis thyroidea|cornu inferius cartilaginis thyroideae
UBERON:0011626	tympanohyoid cartilage	
UBERON:0011627	orbital part of frontal bone	pars orbitalis|pars orbitalis (os frontale)|pars orbitalis ossis frontalis
UBERON:0011628	early premaxilla	future premaxilla
UBERON:0011629	supratemporal bone	supratemporal
UBERON:0011630	intertemporal bone	intertemporal
UBERON:0011631	tabular bone	tabular
UBERON:0011634	ectopterygoid bone	ectopterygoid|ectopterygoids
UBERON:0011635	splenial bone	splenial
UBERON:0011636	surangular bone	supra-angular|supra-angular bone|supraangular|supraangular bone|suprangular|suprangular bone|surangular
UBERON:0011637	prearticular bone	prearticular
UBERON:0011639	frontoparietal bone	fronto-parietaux|frontoparietal|os fronto-parietale|parietaux|parietofrontal
UBERON:0011770	mentomeckelian	dentale|pars mentalis
UBERON:0011772	lower jaw opening	
UBERON:0011773	upper jaw opening	
UBERON:0011871	nasomaxillary suture	articulation of the nasal bone with maxilla|nasomaxillary suture of skull
UBERON:0011985	infraorbital sinus	sinus infraorbitalis
UBERON:0012070	palatal tooth	palatal teeth
UBERON:0012071	palate bone	palatal bone
UBERON:0012072	palatal part of dermatocranium	dermatocranium, palatal series|palatal series
UBERON:0012073	tooth of palatine bone	palatine teeth|palatine tooth
UBERON:0012074	bony part of hard palate	bony palate|hard palate skeleton|palatum osseum
UBERON:0012108	postorbital bar	post-orbital bar
UBERON:0012109	zygomatic process of frontal bone	frontal bone - zygomatic process|processus zygomaticus (os frontale)|processus zygomaticus ossis frontalis
UBERON:0012110	frontal process of zygomatic bone	processus frontalis (os zygomaticum)|processus frontalis ossis zygomatici|zygomatic bone - frontal process
UBERON:0012111	diastema	diastemata|interdental space
UBERON:0012115	dental comb	tooth comb|toothcomb
UBERON:0012315	incisive foramen	Stenson's foramen|foramina incisiva|foramina incisivum|incisive foramina|incisive fossa|nasopalatine foramen
UBERON:0012316	primitive palate	palate
UBERON:0012360	bone of jaw	jaw bone
UBERON:0013068	palatine torus	crista palatina|torus palatinus
UBERON:0013074	cornual diverticulum	cornual sinus
UBERON:0013113	angular/surangular bone	
UBERON:0013135	interdental plate	
UBERON:0013174	sigmoid process of tympanic bone	sigmoid process|sigmoid process of auditory bulla
UBERON:0013217	zygomatic plate	
UBERON:0013222	otic notch	
UBERON:0013403	asterion of skull	asterion
UBERON:0013406	bregma	
UBERON:0013411	cranial cavity	cavitas cranii|intracranial cavity|intracranial space
UBERON:0013412	crotaphion	
UBERON:0013420	groove for sigmoid sinus	
UBERON:0013422	infratemporal fossa	fossa infratemporalis|infratemporal|pterygomaxillary fossa
UBERON:0013423	jugal point	
UBERON:0013424	anatomical point connecting sagittal and lambdoidal sutures	lambda|posterior fontanelle
UBERON:0013426	obelion	
UBERON:0013427	occipital bun	
UBERON:0013428	ophryon	
UBERON:0013436	porion	
UBERON:0013442	postorbital process	
UBERON:0013445	pterygomaxillary fissure	
UBERON:0013447	sagittal crest	sagittal ridge
UBERON:0013448	sagittal keel	sagittal torus
UBERON:0013450	simian shelf	
UBERON:0013454	spheno-maxillary fossa	
UBERON:0013455	spheno-petrosal fissure	fissura sphenopetrosa|sphenopetrosal fissure
UBERON:0013459	stephanion	
UBERON:0013460	suprainiac fossa	
UBERON:0013462	sylvian point	
UBERON:0013463	temporal fossa	
UBERON:0013468	zygomatic fossa	
UBERON:0013469	external occipital protuberance	inion
UBERON:0013471	retromolar space	retromolar gap
UBERON:0013616	primary molar tooth	deciduous molar tooth|primary molar tooth|temporary molar tooth
UBERON:0013617	upper primary molar tooth	primary upper molar tooth|upper deciduous molar|upper deciduous molar tooth|upper primary molar tooth
UBERON:0013618	secondary molar tooth	permanent molar tooth|secondary molar tooth
UBERON:0013619	upper secondary molar tooth	maxillary secondary molar tooth|upper permanent molar tooth|upper secondary molar tooth
UBERON:0013620	lower primary molar tooth	lower deciduous molar tooth|primary lower molar tooth
UBERON:0013621	lower secondary molar tooth	lower permanent molar|lower permanent molar tooth|mandibular secondary molar tooth
UBERON:0013653	velar skeleton	skeleton of velum
UBERON:0013685	foramen of skull	cranial conduit|cranial foramen|foramen of skull|foramina of the skull
UBERON:0013687	pericranium	periosteum externum cranii
UBERON:0013746	basibranchial element	basibranchial|basibranchials|copula 1|copula I
UBERON:0013747	basibranchial cartilage	
UBERON:0013767	frontal process of maxilla	frontal appendage of maxilla|frontal process of the maxilla|nasal process of maxilla|processus frontalis (maxilla)|processus frontalis maxillae
UBERON:0014397	lateral process of malleus	malleus process brevis|process brevis|processus lateralis (malleus)|processus lateralis mallei|processus lateralis malleus|short process of malleus|tuberculum mallei
UBERON:0014465	antorbital fenestra	antorbital fenestrae
UBERON:0014624	basis modioli	base of modiolus cochleae|base of modiolus of cochlea|basis cochleae|basis modioli
UBERON:0014626	base of cochlear canal	base of the cochlear canal
UBERON:0014628	vestibular fissure of the cochlear canal	vestibular fissure of the cochlear canal
UBERON:0014629	terminal part of the cochlear canal	terminal part of the cochlear canal
UBERON:0014682	tooth whorl	spiral tooth cluster|tooth spiral|whorl of teeth
UBERON:0014683	parasymphisial tooth whorl	parasymphisial tooth spiral|parasymphysical tooth spiral
UBERON:0014684	Helicoprion tooth whorl	
UBERON:0014801	nuchal line attachment site	nuchal line
UBERON:0014802	highest nuchal line attachment site	Mempin line|highest nuchal line
UBERON:0014803	superior nuchal line attachment site	superior nuchal line
UBERON:0014804	median nuchal line attachment site	inferior nuchal line
UBERON:0014805	inferior nuchal line attachment site	inferior nuchal line
UBERON:0014870	inferior orbital fissure	infraorbital fissure|sphenomaxillary fissure
UBERON:0015015	supraoccipital endochondral element	supraoccipital element|supraoccipital skeletal element
UBERON:0015016	stapes endochondral element	stapes element|stapes skeletal element
UBERON:0015017	incus endochondral element	incus element|incus skeletal element
UBERON:0015018	malleus endochondral element	malleus|malleus element|malleus skeletal element
UBERON:0015048	basioccipital endochondral element	basioccipital element|basioccipital skeletal element
UBERON:0015051	exoccipital endochondral element	exoccipital element|exoccipital skeletal element
UBERON:0015058	alisphenoid endochondral element	alisphenoid element|alisphenoid skeletal element
UBERON:0015059	orbitosphenoid endochondral element	orbitosphenoid element|orbitosphenoid skeletal element
UBERON:0015060	sphenoid endochondral element	sphenoid bone skeletal element|sphenoid element
UBERON:0015837	incisor dental pulp	
UBERON:0015840	incisor dental lamina	
UBERON:0015841	molar dental lamina	
UBERON:0015842	incisor enamel organ	
UBERON:0015846	incisor mesenchyme	
UBERON:0015847	upper left incisor tooth	
UBERON:0015848	incisor tusk	
UBERON:0015850	upper left incisor tusk	
UBERON:0015851	upper right incisor tusk	
UBERON:0015852	narwhal tusk	median incisor tusk
UBERON:0015853	dental pulp of median incisor tusk	
UBERON:0016418	nasion	
UBERON:0016440	glabella region of bone	glabella|glabellar surface of frontal bone
UBERON:0016442	median palatine suture	median palatine suture of skull|middle palatine suture of skull|midpalatal suture of skull
UBERON:0016452	upper secondary premolar tooth	maxillary secondary premolar tooth|permanent upper premolar tooth|secondary upper premolar tooth|upper permanent premolar tooth
UBERON:0016453	lower secondary premolar tooth	lower permanent premolar tooth|mandibular secondary premolar tooth|permanent lower premolar tooth
UBERON:0016454	upper central secondary incisor tooth	maxillary central permanent incisor tooth|maxillary central secondary incisor tooth|permanent upper central incisor tooth|upper central permanent incisor tooth
UBERON:0016455	upper lateral secondary incisor tooth	maxillary lateral secondary incisor tooth|upper lateral permanent incisor tooth
UBERON:0016476	primary incisor tooth	deciduous incisor tooth|temporary incisor tooth
UBERON:0016492	foramen spinosum of sphenoid bone	foramen spinosum|foramen spinosum
UBERON:0016631	actinopterygian frontal-parietal joint	coronal suture|frontal-parietal joint
UBERON:0016881	craniopharyngeal canal	bucconeural duct|craniopharyngeal duct
UBERON:0016942	rostral margin of orbit	
UBERON:0016943	lower premolar tooth	LP|lower premolar tooth|mandibular premolar tooth
UBERON:0016944	upper premolar tooth	UP|maxillary premolar tooth|upper premolar tooth
UBERON:0017249	incisive process of premaxilla	incisive bone|incisive process
UBERON:0017269	primary premolar tooth	deciduous premolar tooth|primary bicuspid|primary premolar
UBERON:0017270	secondary premolar tooth	permanent premolar tooth|secondary bicuspid|secondary premolar
UBERON:0017271	upper primary premolar tooth	maxillary primary premolar tooth|upper deciduous premolar tooth
UBERON:0017272	lower primary premolar tooth	lower deciduous premolar tooth|mandibular primary premolar tooth
UBERON:0017296	cingulum of incisor tooth	incisor tooth cingulum
UBERON:0017298	cingulum of upper incisor tooth	cingulum of maxillary incisor tooth|upper incisor tooth cingulum
UBERON:0017299	cingulum of lower incisor tooth	cingulum of mandibular incisor tooth|lower incisor tooth cingulum
UBERON:0017312	cingulum of upper canine tooth	cingulum of maxillary canine tooth|upper canine tooth cingulum
UBERON:0017313	cingulum of lower canine tooth	cingulum of mandibular canine tooth|lower canine tooth cingulum
UBERON:0017615	vomerine dentition	vomerine teeth
UBERON:0017690	internal surface of frontal bone	facies interna (os frontale)|facies interna ossis frontalis
UBERON:0017692	internal surface of cranial base	basis cranii interna
UBERON:0017748	lower primary incisor tooth	deciduous lower incisor tooth|lower deciduous incisor tooth|primary lower incisor tooth
UBERON:0018136	maxillary fenestra	
UBERON:0018137	premaxillary fenestra	
UBERON:0018160	anterior process of malleus	folian process|processus anterior (malleus)|processus anterior mallei|rau's process
UBERON:0018242	palatine bone horizontal plate	horizontal part of palatine bone|horizontal plate|horizontal plate of palatine bone|lamina horizontalis|lamina horizontalis (os palatinum)|lamina horizontalis ossis palatini
UBERON:0018265	anterior root of zygomatic arch	
UBERON:0018273	caniniform region	
UBERON:0018274	postcingulum of deciduous premolar 5	dP5 postcingulum
UBERON:0018275	posthypocrista of deciduous premolar 5	dP5 posthypocrista
UBERON:0018281	lower deciduous premolar 5	
UBERON:0018282	lower molar 3	lower wisdom tooth|wisdom tooth
UBERON:0018283	lower pharyngobranchial toothplate	lower pharyngeal toothplate
UBERON:0018284	lower premolar 1	
UBERON:0018285	lower premolar 2	
UBERON:0018297	resorption pit	
UBERON:0018299	mandibular symphyseal tooth	lower jaw symphyseal tooth|symphyseal tooth
UBERON:0018300	upper canine 1	UC1|upper canine UC1
UBERON:0018301	upper deciduous premolar 5	
UBERON:0018302	upper molar 1	
UBERON:0018314	choanal groove	
UBERON:0018318	entocarotid fossa	
UBERON:0018321	foramen for glossopharyngeal nerve	
UBERON:0018323	hyoid articular area	
UBERON:0018329	interpterygoid region	
UBERON:0018330	interpterygoid vacuity	
UBERON:0018331	intraramal joint	
UBERON:0018333	labial cartilage	
UBERON:0018334	lateral condyle of quadrate	
UBERON:0018336	maxillary shank	
UBERON:0018337	medial condyle of quadrate	
UBERON:0018338	medial cotyla	
UBERON:0018339	metotic fissure	
UBERON:0018341	nasal process of premaxilla	
UBERON:0018346	parietal notch	
UBERON:0018347	pars canalicularis of petrosal	
UBERON:0018348	petrosal bone	
UBERON:0018349	pharyngeal apophysis	neurocranium apophysis
UBERON:0018351	precerebral fontanelle	
UBERON:0018353	quadrate condyle	
UBERON:0018354	recessus vena jugularis	
UBERON:0018359	subolfactory process	
UBERON:0018360	suborbital foramen	
UBERON:0018361	suborbital shelf	
UBERON:0018365	supratemporal process	
UBERON:0018373	vidian canal	canalis pterygoidei|canalis pterygoideus|pterygoid canal
UBERON:0018375	deciduous premolar 5	dP5|deciduous premolar 5|primary premolar 5 tooth
UBERON:0018407	infra-orbital foramen of maxilla	foramen infraorbitale|infra-orbital foramen|infraorbital foramen
UBERON:0018409	infra-orbital groove of maxilla	infra-orbital groove|infraorbital groove|sulcus infraorbitalis
UBERON:0018413	facial nerve canal	canalis nervi facialis|facial canal|fallopian canal
UBERON:0018415	ethmoid foramen	ethmoid foramina|ethmoidal foramen|ethmoidal foramina|foramina ethmoidalia
UBERON:0018424	petrosal foramen	Foramen petrosum
UBERON:0018508	foramen of nasal bone	foramen of nasal bone|foramina nasalia|nasal foramen|nasal foramina
UBERON:0018542	mandibular symphyseal region	symphyseal region
UBERON:0018550	secondary incisor tooth	permanent incisor|permanent incisor tooth
UBERON:0018551	central incisor tooth	central incisor
UBERON:0018552	lateral incisor tooth	lateral incisor
UBERON:0018553	primary central incisor tooth	primary central incisor
UBERON:0018554	primary lateral incisor tooth	primary lateral incisor
UBERON:0018561	upper secondary canine tooth	maxillary secondary canine tooth|permanent upper canine tooth|upper permanent canine tooth
UBERON:0018562	lower secondary canine tooth	lower permanent canine tooth|mandibular secondary canine tooth|permanent lower canine tooth
UBERON:0018568	lower central secondary incisor tooth	lower central permanent incisor tooth|mandibular central permanent incisor|mandibular central secondary incisor tooth
UBERON:0018570	lower lateral secondary incisor tooth	lower lateral permanent incisor tooth|mandibular lateral permanent incisor|mandibular lateral secondary incisor tooth
UBERON:0018571	upper first secondary premolar tooth	maxillary first secondary premolar tooth|permanent first upper premolar tooth|secondary first upper premolar tooth|upper first permanent premolar tooth
UBERON:0018572	upper second secondary premolar tooth	maxillary second secondary premolar tooth|permanent second upper premolar tooth|secondary second upper premolar tooth|upper second permanent premolar tooth
UBERON:0018573	lower first secondary premolar tooth	lower first permanent premolar tooth|mandibular first secondary premolar tooth|permanent first lower premolar tooth|secondary first lower premolar tooth
UBERON:0018574	lower second secondary premolar tooth	lower second permanent premolar tooth|mandibular second secondary premolar tooth|permanent second lower premolar tooth|secondary second lower premolar tooth
UBERON:0018575	upper first secondary molar tooth	maxillary first secondary molar tooth|upper first permanent molar tooth
UBERON:0018576	upper second secondary molar tooth	maxillary second secondary molar tooth|upper second permanent tooth
UBERON:0018577	upper third secondary molar tooth	dens serotinus (upper)|maxillary third secondary molar tooth|permanent third upper molar tooth|secondary third upper molar tooth|upper third permanent molar tooth|upper wisdom tooth
UBERON:0018578	lower first secondary molar tooth	lower first permanent molar tooth|mandibular first secondary molar tooth
UBERON:0018579	lower second secondary molar tooth	lower second permanent molar tooth|lower secondary molar 2|mandibular second secondary molar tooth
UBERON:0018580	lower third secondary molar tooth	lower secondary molar 3|lower third permanent molar tooth|lower wisdom tooth|mandibular third secondary molar tooth|secondary third lower molar tooth
UBERON:0018583	primary canine tooth	deciduous canine tooth|primary tooth C|temporary canine tooth
UBERON:0018584	secondary canine tooth	permanent canine tooth
UBERON:0018588	upper first primary molar tooth	upper first deciduous molar tooth|upper primary tooth D
UBERON:0018589	lower first primary molar tooth	lower first deciduous molar tooth|lower primary molar 1|lower primary tooth D
UBERON:0018591	upper primary incisor tooth	deciduous upper incisor tooth|upper deciduous incisor tooth
UBERON:0018593	upper central primary incisor tooth	upper central deciduous incisor tooth|upper primary tooth A
UBERON:0018594	upper lateral primary incisor tooth	upper lateral deciduous incisor tooth|upper primary tooth B
UBERON:0018595	lower central primary incisor tooth	deciduous lower central incisor tooth|lower central deciduous incisor tooth|lower primary tooth A
UBERON:0018596	lower lateral primary incisor tooth	deciduous lower lateral incisor tooth|lower lateral deciduous incisor tooth|lower primary tooth B|mandibular lateral primary incisor
UBERON:0018597	upper primary canine tooth	deciduous upper canine tooth|upper deciduous canine tooth|upper primary tooth C
UBERON:0018598	lower primary canine tooth	deciduous lower canine tooth|lower deciduous canine tooth|lower primary tooth C|primary lower canine tooth
UBERON:0018599	upper second primary molar tooth	upper primary tooth E|upper second deciduous molar tooth
UBERON:0018600	lower second primary molar tooth	lower primary tooth E|lower second deciduous molar tooth
UBERON:0018601	lower central incisor tooth	lower central incisor|mandibular central incisor
UBERON:0018602	lower lateral incisor tooth	lower lateral incisor|mandibular lateral incisor
UBERON:0018603	upper central incisor tooth	maxillary central incisor|upper central incisor
UBERON:0018604	upper lateral incisor tooth	maxillary lateral incisor|upper lateral incisor
UBERON:0018607	permanent molar tooth 2	permanent second molar tooth|second permanent molar|second permanent molar tooth|secondary second molar tooth
UBERON:0018608	permanent molar tooth 1	first permanent molar|first permanent molar tooth|permanent first molar tooth
UBERON:0018613	secondary upper tooth	permanent upper tooth
UBERON:0018614	permanent lower tooth	secondary lower tooth
UBERON:0018616	primary upper tooth	deciduous upper tooth
UBERON:0018617	primary lower tooth	deciduous lower tooth
UBERON:0018621	upper canine tooth	maxillary canine tooth|upper canine|upper cuspid
UBERON:0018622	lower canine tooth	lower canine|lower cuspid|mandibular canine tooth
UBERON:0018623	lower secondary incisor tooth	lower permanent incisor tooth|mandibular secondary incisor tooth|permanent lower incisor tooth
UBERON:0018643	deciduous molar tooth 2	deciduous second molar tooth
UBERON:0018644	deciduous molar tooth 1	deciduous first molar tooth|deciduous molar 1|first temporarary molar
UBERON:0018645	incisor region of dentition	set of incisors
UBERON:0018648	upper premolar 4	carnassial tooth
UBERON:0018651	foramen lacerum	
UBERON:0018652	maxillary recess	recessus maxillaris
UBERON:0018653	anterior ethmoidal foramen	foramina ethmoidalia anterius
UBERON:0018654	posterior ethmoidal foramen	foramina ethmoidalia posterius
UBERON:0019253	upper secondary incisor tooth	maxillary secondary incisor tooth|upper permanent incisor|upper permanent incisor tooth
UBERON:0026584	tympanic canal	canaliculus tympanicus|jacobson's canaliculus|tympanic canal|tympanic canal|tympanic canaliculus
UBERON:0026586	vestibular canal	canaliculus vestibuli|vestibular canal|vestibular canal|vestibular canaliculus
UBERON:0034680	laryngeal prominence	Adam's apple|Adams apple
UBERON:0034898	alveolar ridge of premaxilla	pars dentalis of premaxilla
UBERON:0034900	palatine process of premaxilla	pars palatina of premaxilla
UBERON:0034909	intermaxillary suture	intermaxillary suture of skull
UBERON:0035007	nasal concha cartilage	turbinal cartilage|turbinate bone primordium|turbinate cartilage condensation|unossified nasal turbinal|unossified nasal turbinate|unossified turbinate
UBERON:0035115	diastema between central incisors	interdental space, central incisors|midline diastema
UBERON:0035116	diastema between upper central incisors	interdental space between maxillary central incisors|interdental space, upper central incisors|midline maxillary diastema
UBERON:0035117	diastema between lower central incisors	interdental space between mandibular central incisors|interdental space, lower central incisors|midline mandibular diastema
UBERON:0035119	diastema between incisors	incisor diastema|interdental space, incisors
UBERON:0035123	palatomaxillary suture	palatomaxillary suture of skull
UBERON:0035127	suture of hard palate	palatine suture
UBERON:0035130	auditory ossicle endochondral element	auditory skeletal element|ear ossicle element|ear ossicles element|middle ear ossicle element|middle ear skeletal element|ossicle element|ossicle element of ear|ossicle element of inner ear|ossicular chain element
UBERON:0035131	auditory ossicle cartilage element	ossicle cartilage condensation
UBERON:0035132	auditory ossicle pre-cartilage element	ossicle pre-cartilage condensation
UBERON:0035139	anterior nasal spine of maxilla	anterior nasal spine|spina nasalis anterior corporis maxillae
UBERON:0035298	tuberculum sellae	
UBERON:0035612	nasal turbinal	concha|conchae nasales|nasal concha|nasal turbinal|nasal turbinal element|nasal turbinate|turbinal|turbinate
UBERON:0035848	infraorbital margin	inferior orbital rim|infra-orbital margin|margo infraorbitalis
UBERON:0035849	orbital margin	margin of orbit|margo orbitalis|orbital rim
UBERON:0035850	infraorbital bridge	infra-orbital bridge
UBERON:0035879	frontomaxillary suture	frontomaxillary suture of skull|sutura frontomaxillaris
UBERON:0035880	zygomaticomaxillary suture	sutura infraorbitalis|sutura zygomaticomaxillaris|zygomaticomaxillary suture of skull
UBERON:0035881	ethmoidomaxillary suture	ethmoidomaxillary suture of skull|sutura ethmoidomaxillaris
UBERON:0035882	sphenomaxillary suture	sphenomaxillary suture of skull|sutura sphenomaxillaris
UBERON:0035883	lacrimomaxillary suture	lacrimomaxillary suture of skull|sutura lacrimomaxillaris
UBERON:0035884	maxillary-premaxillary suture	incisive suture|maxillary-premaxillary incisive suture|premaxillary suture
UBERON:0035942	space between upper and lower jaws	bite
UBERON:0035957	antotic pillar	
UBERON:0035958	preoptic pillar	
UBERON:0035959	orbital pillar	
UBERON:0035967	alveolar mucosa	
UBERON:0036144	incisive duct	conduit incisif@fr|ductus incisivus
UBERON:0036253	orifice of skull	cranial orifice|skull orifice
UBERON:0036254	piriform aperture	apertura piriformis|apertura piriformis|piriform aperture|pyriform aperture
UBERON:0037089	wall of orbit	orbit wall
UBERON:2000103	supramaxilla	
UBERON:2000104	suprapreopercle	supraopercle|supraopercular bone|suprapreopercles
UBERON:2000127	antorbital	adnasal|lateral rostral|perorbital
UBERON:2000171	interhyal bone	stylohyal bone
UBERON:2000203	rhinosphenoid	
UBERON:2000223	infraorbital 1	lachrymal|lachrymal bone|lacrimal bone|lacrymal|lacrymal bone|suborbital
UBERON:2000224	quadrate ventral process	
UBERON:2000226	lateral ethmoid bone	lateral ethmoids|parethmoïde|pleurethmoïde|éthmoïde latéral
UBERON:2000240	metapterygoid	metapterygoids
UBERON:2000250	opercle	opercles|operculare|operculum
UBERON:2000264	preopercle	preopercles|preoperculum
UBERON:2000284	subopercle	subopercles
UBERON:2000289	preopercle horizontal limb	preopercle horizontal arm|preopercle lower limb
UBERON:2000336	preopercle vertical limb	ascending arm of preopercle|preopercle upper limb|preopercle vertical arm
UBERON:2000337	basioccipital posterodorsal region	
UBERON:2000348	exoccipital posteroventral region	
UBERON:2000356	gill raker	branchiocténie|branchiospine|gill rakers|gill-raker|gillraker
UBERON:2000363	hypobranchial bone	
UBERON:2000376	infraorbital	circumorbital series|circumorbitals|infraorbital series|infraorbitals
UBERON:2000419	pterosphenoid	alisphenoid|pterosphenoids
UBERON:2000422	retroarticular	
UBERON:2000452	urohyal	clidoste|interclaviculaire|jugulaire|parurohyal|urohyal
UBERON:2000474	intercalar	opisthotic
UBERON:2000476	branchiostegal ray	branchiostegal rays
UBERON:2000488	ceratobranchial bone	ceratobranchials
UBERON:2000495	infraorbital 5	dermosphenotic
UBERON:2000527	pharyngobranchial bone	infrapharyngobranchial|infrapharyngobranchial bone|pharyngobranchials
UBERON:2000549	posttemporal	post-temporal|postemporal|posttemporale|suprascapula
UBERON:2000576	pterotic	autopterotic
UBERON:2000585	kinethmoid cartilage	kinethmoideum cartilage
UBERON:2000587	sphenotic	autosphenotic|sphenotics
UBERON:2000620	autopalatine	palatine bone|palatines
UBERON:2000627	posterior ceratohyal	caudal ceratohyal|epihyal|posterohyal|proximal ceratohyal
UBERON:2000657	entopterygoid	endopterygoid bone|mesopterygoid
UBERON:2000658	epibranchial bone	epibranchial bones
UBERON:2000674	interopercle	interopercles
UBERON:2000691	supraorbital bone	
UBERON:2000692	symplectic	
UBERON:2000694	ceratobranchial 5 tooth	pharyngeal teeth
UBERON:2000699	entopterygoid vertical strut	endopterygoid vertical strut|mesopterygoid vertical strut
UBERON:2001137	ventral tooth row	
UBERON:2001139	mediodorsal tooth row	
UBERON:2001140	dorsal tooth row	
UBERON:2001141	tooth 1V	
UBERON:2001142	tooth 5V	
UBERON:2001143	tooth 4V	
UBERON:2001144	tooth 2V	
UBERON:2001145	tooth 3V	
UBERON:2001146	tooth 1MD	
UBERON:2001147	tooth 2MD	
UBERON:2001148	tooth 1D	
UBERON:2001150	tooth 2D	
UBERON:2001151	tooth 4MD	
UBERON:2001152	tooth 3MD	
UBERON:2001220	basibranchial copula	copula|copulae
UBERON:2001221	anterior copula	anterior basibranchial copula|copula 1|copula 2
UBERON:2001222	posterior copula	copula 2|copula 3|posterior basibranchial copula|posterior copula
UBERON:2001223	basibranchial 1 bone	
UBERON:2001224	basibranchial 2 bone	
UBERON:2001225	basibranchial 3 bone	
UBERON:2001226	basibranchial 4 bone	
UBERON:2001228	pharyngeal arch 3 skeleton	branchial arch 1 skeleton|gill arch 1 skeleton|visceral arch 3 skeleton
UBERON:2001229	pharyngeal arch 7 skeleton	branchial arch 5 skeleton|gill arch 5 skeleton|visceral arch 7 skeleton
UBERON:2001230	pharyngeal arch 6 skeleton	branchial arch 4 skeleton|gill arch 4 skeleton|visceral arch 6 skeleton
UBERON:2001231	pharyngeal arch 4 skeleton	branchial arch 2 skeleton|gill arch 2 skeleton|visceral arch 4 skeleton
UBERON:2001232	pharyngeal arch 5 skeleton	branchial arch 3 skeleton|gill arch 3 skeleton|visceral arch 5 skeleton
UBERON:2001233	hypobranchial 1 bone	
UBERON:2001234	hypobranchial 4 bone	
UBERON:2001235	hypobranchial 3 bone	
UBERON:2001236	hypobranchial 2 bone	
UBERON:2001237	ceratobranchial 1 bone	
UBERON:2001239	ceratobranchial 5 bone	inferior pharyngeal bone|lower pharyngeal
UBERON:2001240	ceratobranchial 4 bone	
UBERON:2001241	ceratobranchial 3 bone	
UBERON:2001242	ceratobranchial 2 bone	
UBERON:2001243	epibranchial 1 bone	
UBERON:2001244	epibranchial 5 cartilage	accessory cartilage|interbranchial|interbranchial IV
UBERON:2001245	epibranchial 4 bone	
UBERON:2001246	epibranchial 2 bone	
UBERON:2001247	epibranchial 3 bone	
UBERON:2001250	pharyngobranchial 2 bone	infrapharyngobranchial 2
UBERON:2001251	pharyngobranchial 4 cartilage	infrapharyngobranchial 4 cartilage|infrapharyngobranchials
UBERON:2001252	pharyngobranchial 3 bone	infrapharyngobranchial 3
UBERON:2001274	coronomeckelian	sesamoid articular|sesamoid coronoid
UBERON:2001279	branchiostegal ray 1	
UBERON:2001280	branchiostegal ray 3	
UBERON:2001281	branchiostegal ray 2	
UBERON:2001382	epibranchial bone uncinate process	
UBERON:2001403	supraethmoid	
UBERON:2001404	preethmoid bone	
UBERON:2001406	kinethmoid bone	kinethmoideum bone
UBERON:2001407	infraorbital 2	
UBERON:2001408	infraorbital 3	
UBERON:2001409	infraorbital 4	
UBERON:2001412	epiotic	epioccipital|epioccipitals
UBERON:2001425	basal plate cartilage	
UBERON:2001432	anterior sclerotic bone	
UBERON:2001433	posterior sclerotic bone	
UBERON:2001502	epiphyseal bar	
UBERON:2001504	occipital arch cartilage	
UBERON:2001505	taenia marginalis anterior	orbital cartilage
UBERON:2001508	trabecula communis	
UBERON:2001511	interhyal cartilage	stylohyal cartilage
UBERON:2001515	taenia marginalis posterior	orbital cartilage
UBERON:2001516	ceratobranchial cartilage	
UBERON:2001517	ceratobranchial 2 cartilage	
UBERON:2001518	ceratobranchial 3 cartilage	
UBERON:2001519	ceratobranchial 4 cartilage	
UBERON:2001520	ceratobranchial 1 cartilage	
UBERON:2001521	ceratobranchial 5 cartilage	
UBERON:2001522	hypobranchial cartilage	
UBERON:2001523	hypobranchial 4 cartilage	
UBERON:2001524	hypobranchial 1 cartilage	
UBERON:2001525	hypobranchial 2 cartilage	
UBERON:2001526	hypobranchial 3 cartilage	
UBERON:2001527	epibranchial cartilage	
UBERON:2001528	epibranchial 1 cartilage	
UBERON:2001529	epibranchial 3 cartilage	
UBERON:2001530	epibranchial 2 cartilage	
UBERON:2001531	epibranchial 4 cartilage	
UBERON:2001532	sublingual dorsal cartilage	
UBERON:2001533	pharyngobranchial cartilage	infrapharyngobranchial cartilage
UBERON:2001534	pharyngobranchial 3 cartilage	
UBERON:2001536	pharyngobranchial 2 cartilage	
UBERON:2001544	sublingual cartilage	
UBERON:2001545	sublingual ventral cartilage	
UBERON:2001577	premaxilla ascending process	
UBERON:2001578	anterior dorsomedial process of autopalatine	
UBERON:2001603	maxilla ascending process	maxilla ascending arm|maxilla upper arm
UBERON:2001604	lateral ethmoid palatine process	antorbital process
UBERON:2001607	basipterygoid process of parasphenoid	basipterygoid process
UBERON:2001609	pharyngobranchial 2 bone uncinate process	
UBERON:2001610	quadrate dorsal process	quadrate superior arm
UBERON:2001611	quadrate posterodorsal process	
UBERON:2001615	sphenotic spine	sphenotic process
UBERON:2001616	lateral ethmoid wing	lateral ethmoid ventral wing
UBERON:2001620	lagenar capsule	
UBERON:2001626	premaxillary tooth	
UBERON:2001632	ectopterygoid tooth	
UBERON:2001634	pharyngobranchial 1 cartilage	infrapharyngobranchial 1 cartilage
UBERON:2001635	pharyngobranchial 1 bone	infrapharyngobranchial 1 bone
UBERON:2001636	pharyngobranchial 4 bone	infrapharyngobranchial 4 bone
UBERON:2001648	basihyal tooth plate	basihyal toothplate
UBERON:2001649	basihyal tooth	
UBERON:2001650	pharyngobranchial 2 tooth plate	pharyngobranchial 2 toothplate
UBERON:2001651	pharyngobranchial 2 tooth	
UBERON:2001652	pharyngobranchial 3 tooth plate	pharyngobranchial 3 toothplate
UBERON:2001653	pharyngobranchial 3 tooth	
UBERON:2001654	upper pharyngeal 4 tooth plate	upper pharyngeal 4 toothplate
UBERON:2001655	upper pharyngeal 4 tooth	
UBERON:2001658	upper pharyngeal tooth plate	upper pharyngeal toothplate
UBERON:2001659	upper pharyngeal tooth	
UBERON:2001660	basibranchial tooth	
UBERON:2001661	basibranchial tooth plate	basibranchial 1-3 toothplates|basibranchial toothplate
UBERON:2001662	basibranchial 4 tooth plate	basibranchial 4 toothplate
UBERON:2001663	basibranchial 4 tooth	
UBERON:2001664	basibranchial 2 tooth plate	basibranchial 2 toothplate
UBERON:2001665	basibranchial 2 tooth	
UBERON:2001674	infraorbital 6	dermosphenotic
UBERON:2001675	mesethmoid cornu	cornu|cornua|cornuae
UBERON:2001681	cornu mesial process	
UBERON:2001686	bony shelf above orbit	
UBERON:2001688	palatine cartilage	
UBERON:2001689	pterygoquadrate cartilage	
UBERON:2001690	anterior cartilage of palatine	
UBERON:2001691	posterior cartilage of palatine	
UBERON:2001692	median premaxilla	
UBERON:2001695	mediopharyngobranchial	
UBERON:2001696	gongyloid cartilage	
UBERON:2001701	basibranchial 5 bone	
UBERON:2001702	infraorbital 7	
UBERON:2001703	infraorbital 8	
UBERON:2001704	infraorbital 9	
UBERON:2001705	infraorbital 10	
UBERON:2001706	infraorbital 11	
UBERON:2001707	infraorbital 12	
UBERON:2001708	dermosphenotic	infraorbital 5|infraorbital 6|infraorbital 7|infraorbital 8
UBERON:2001709	infraorbital series	circumorbital series
UBERON:2001733	mesethmoid ventral diverging lamella	
UBERON:2001739	anterior cranial fontanel	anterior fontanel|frontal fontanel|frontal fontanelle
UBERON:2001740	posterior cranial fontanel	parietal fontanel|posterior fontanel|posterior fontanelle
UBERON:2001747	lateral mesethmoid wing	mesethmoid lateral wing|premaxillary articular process
UBERON:2001752	pre-narial cartilage	
UBERON:2001783	supraoccipital crest	supraoccipital process|supraoccipital spine
UBERON:2001792	pharyngobranchial 3 bone uncinate process	
UBERON:2001793	pharyngobranchial 4 bone uncinate process	infrapharyngobranchial 4 bone uncinate process
UBERON:2001796	epibranchial 2 bone uncinate process	
UBERON:2001797	epibranchial 1 bone uncinate process	
UBERON:2001805	articular bone	articular
UBERON:2001822	epibranchial 3 bone uncinate process	
UBERON:2001823	epibranchial 4 bone uncinate process	
UBERON:2001825	urohyal lateral process	branche ventrale de l'urohyal|processus hyo-pelvien|urohyal lateral lamella|urohyal ventral wing
UBERON:2001826	urohyal median process	
UBERON:2001833	premaxillary tooth row	
UBERON:2001855	hyomandibular condyle for the opercle	opercular process of hyomandibular
UBERON:2001856	gill ray	
UBERON:2001858	suprapharyngobranchial	branchial spiracle
UBERON:2001859	pharyngobranchial 1 tooth plate	pharyngobranchial 1 toothplate
UBERON:2001864	basibranchial 1 cartilage	
UBERON:2001865	basibranchial 4 cartilage	
UBERON:2001866	basibranchial 5 cartilage	
UBERON:2001867	post-ceratobranchial cartilage	basibranchial 6|copula 4|pericardial cartilage
UBERON:2001874	basibranchial 2 cartilage	
UBERON:2001876	basibranchial 3 cartilage	
UBERON:2001892	interhyal element	stylohyal|stylohyal element
UBERON:2001893	hypobranchial element	
UBERON:2001894	hypobranchial 1 element	
UBERON:2001895	hypobranchial 2 element	
UBERON:2001896	hypobranchial 3 element	
UBERON:2001897	hypobranchial 4 element	
UBERON:2001898	ceratobranchial element	
UBERON:2001899	ceratobranchial 1 element	
UBERON:2001900	ceratobranchial 2 element	
UBERON:2001901	ceratobranchial 3 element	
UBERON:2001902	ceratobranchial 4 element	
UBERON:2001903	ceratobranchial 5 element	
UBERON:2001904	epibranchial element	epibranchial elements
UBERON:2001905	epibranchial 1 element	
UBERON:2001906	epibranchial 2 element	
UBERON:2001907	epibranchial 3 element	
UBERON:2001908	epibranchial 4 element	
UBERON:2001909	pharyngobranchial element	infrapharyngobranchial element
UBERON:2001910	pharyngobranchial 1 element	infrapharyngobranchial 1 element
UBERON:2001911	pharyngobranchial 2 element	infrapharyngobranchial 2 element
UBERON:2001912	pharyngobranchial 3 element	infrapharyngobranchial 3 element
UBERON:2001913	pharyngobranchial 4 element	infrapharyngobranchial 4 element|infrapharyngobranchial 4 element
UBERON:2001915	basibranchial 1 element	
UBERON:2001916	basibranchial 2 element	
UBERON:2001917	basibranchial 3 element	
UBERON:2001918	basibranchial 4 element	
UBERON:2001919	basibranchial 5 element	
UBERON:2001929	epioccipital posterior process	
UBERON:2001930	accessory vomerine tooth plate	
UBERON:2001934	rostral plate	
UBERON:2001952	dentary tooth row	
UBERON:2001956	epibranchial 1 bone proximal cartilage	epibranchial 1 anterior cartilage|epibranchial 1 mesial cartilage
UBERON:2001957	epibranchial 2 bone proximal cartilage	epibranchial 2 anterior cartilage|epibranchial 2 mesial cartilage
UBERON:2001958	ceratobranchial 3 bone distal cartilage	ceratobranchial 3 bone lateral cartilage|ceratobranchial 3 bone posterior cartilage
UBERON:2001959	ceratobranchial 4 bone proximal cartilage	ceratobranchial 4 bone anterior cartilage|ceratobranchial 4 bone mesial cartilage
UBERON:2001960	ceratobranchial 4 bone distal cartilage	ceratobranchial 4 bone lateral cartilage|ceratobranchial 4 bone posterior cartilage
UBERON:2001961	ceratobranchial 5 bone distal cartilage	ceratobranchial 5 bone lateral cartilage|ceratobranchial 5 bone posterior cartilage
UBERON:2001962	hypobranchial 1 bone distal cartilage	hypobranchial 1 bone lateral cartilage|hypobranchial 1 bone posterior cartilage
UBERON:2001963	hypobranchial 2 bone distal cartilage	hypobranchial 2 bone lateral cartilage|hypobranchial 2 bone posterior cartilage
UBERON:2001964	epibranchial 3 bone uncinate process cartilage	
UBERON:2001965	epibranchial 4 bone uncinate process cartilage	
UBERON:2001966	epibranchial 5 element	
UBERON:2001978	maxillary tooth row	
UBERON:2001989	mandibular-hyoid median cartilage	hyomandibular cartilage sensu Schaefer (1990)
UBERON:2001994	gill raker row	
UBERON:2001997	parietal-supraoccipital	parieto-supraoccipital|supraoccipital
UBERON:2002005	canal plate	
UBERON:2002009	medial cartilage of palatine	
UBERON:2002011	lateral fontanel of frontal	
UBERON:2002012	dentary foramen	
UBERON:2002013	ascending limb of ceratobranchial 5 bone	
UBERON:2002014	ascending limb of ceratobranchial 5 cartilage	
UBERON:2002015	pharyngobranchial tooth plate	pharyngobranchial toothplate
UBERON:2002016	pharyngobranchial 4 tooth plate	pharyngobranchial 4 toothplate
UBERON:2002017	anterior limb of ceratobranchial 5 bone	
UBERON:2002018	anterior limb of ceratobranchial 5 cartilage	
UBERON:2002019	pterotic-posttemporal-supracleithrum	pterotic-supracleithrum
UBERON:2002020	hypomaxilla	
UBERON:2002021	ascending process of the parasphenoid	ascending ramus of the parasphenoid
UBERON:2002022	dermethmoid	
UBERON:2002023	second preethmoid bone	
UBERON:2002080	spina occipitalis	
UBERON:2002089	gular plate	median gular|median gular plate
UBERON:2002092	rostral cartilage	
UBERON:2002101	branchiostegal ray series	branchiostegals
UBERON:2002102	epibranchial series	epibranchials
UBERON:2002103	ceratobranchial series	
UBERON:2002120	orbitosphenoid septum	
UBERON:2002257	premaxilla dentigerous process	premaxilla alveolar process
UBERON:2002269	interarcual cartilage	IAC
UBERON:2005275	hyomandibular foramen	
UBERON:3000002	alary cartilage	alinasal cartilage|cartilago alaris|cartilago alaris nasi|cartilago cupullaris|copula anterior|naseflngelknorpel|processus alaris|second upper labial
UBERON:3000003	alary process of premaxilla	dorsal process of premaxilla|pars dorsalis of premaxilla|pars facialis of premaxilla|pars frontalis of premaxilla|pars prenasalis of premaxilla|premaxillary spine|processus ascendens of premaxilla|processus frontalis of premaxilla|processus nasalis of premaxilla
UBERON:3000006	alveolar foramen	inferior dental foramen
UBERON:3000012	angulosplenial coronoid process	
UBERON:3000015	anterior maxillary process	
UBERON:3000016	anterior nasal wall	prenasal wall|solum anterius
UBERON:3000017	anterior process of pars palatina of maxilla	
UBERON:3000018	anterior ramus of pterygoid	ramus maxillaris of pterygoid
UBERON:3000020	anterolateral process of frontoparietal	
UBERON:3000022	antorbital process	
UBERON:3000031	ascending process of palatoquadrate	apophyse ascendens|cartilage craniofacial|oberste abteilung des zweiten visceralbogens|pedicle|pediculus|processus ascendens of palatoquadrate|schlafenflugelknorpel
UBERON:3000036	basal process of palatoquadrate	processus basalis
UBERON:3000037	basicranial fenestra	
UBERON:3000038	basimandibulare	
UBERON:3000050	braincase and auditory apparatus	
UBERON:3000051	braincase and otic capsule opening	
UBERON:3000052	braincase and otic capsule skeleton	
UBERON:3000059	capsular process	
UBERON:3000068	cartilago ectochoanalis	
UBERON:3000069	cartilago infranarina	
UBERON:3000074	cartilago orbitalis	dorsale randspange
UBERON:3000078	cartilago prootico-occipitalis	
UBERON:3000079	cartilago retronarina	
UBERON:3000101	hyale	anterior cornua
UBERON:3000110	crista contacta	
UBERON:3000111	crista dentalis of maxilla	
UBERON:3000112	crista dentalis of premaxilla	dental ridge of premaxilla
UBERON:3000113	crista intermedia	
UBERON:3000115	crista lateralis of premaxilla	
UBERON:3000117	crista subnasalis	subnasal crest
UBERON:3000118	crista supraorbitalis	
UBERON:3000131	dilatatio alaris	ventral flange of anterior ramus of pterygoid
UBERON:3000155	extremitas anterior	anterior ramus
UBERON:3000177	flange of quadratojugal	
UBERON:3000178	footplate of pars media plectri	fenestral plate|interstapediale|otostapes|pars otica columellae|pseudooperculum
UBERON:3000179	foramen acusticum	acoustic foramen
UBERON:3000180	foramen acusticum anterius	
UBERON:3000181	foramen acusticum maius	
UBERON:3000182	foramen acusticum minus	
UBERON:3000183	foramen acusticum posterius	
UBERON:3000185	foramen endolymphaticum	endolymphatic foramen
UBERON:3000192	foramen perilymphaticum	
UBERON:3000193	foramen perilymphaticum accessorium	
UBERON:3000195	foramen perilymphaticus inferius	foramen pro aquaeducto cochleae|inferior perilymphatic foramen
UBERON:3000209	frontoparietal fontanelle	
UBERON:3000226	hyolaryngeal complex	
UBERON:3000234	inferior prenasal cartilage	inferior prenasal process|processus prenasalis inferior|processus prenasalis inferior lateralis
UBERON:3000237	infrarostral cartilage	infralabial cartilage|mentomeckelian cartilage
UBERON:3000254	lamella alaris	horizontal arm of squamosal
UBERON:3000255	lamina anterior of pars facialis	
UBERON:3000263	lamina precerebralis	
UBERON:3000264	lamina superior	lamina superior cristae intermediae
UBERON:3000280	margo mandibularis of pterygoid	
UBERON:3000281	margo orbitalis of maxilla	
UBERON:3000282	margo orbitalis of pterygoid	
UBERON:3000283	margo orbitalis of squamosal	
UBERON:3000284	margo tympanicus of pterygoid	
UBERON:3000288	maxillopalatine	
UBERON:3000290	medial inferior prenasal cartilage	
UBERON:3000292	medial ramus of pterygoid	ramus interior of pterygoid
UBERON:3000294	median prenasal process	processus prenasalis medius
UBERON:3000323	nasopremaxilla	
UBERON:3000329	oblique cartilage	cartilago obliqua|cartilago obliqua nasi|cartilago obliquo|dorsal process|lamina obliqua
UBERON:3000332	oculomotor foramen	nerve foramen III
UBERON:3000341	optic fenestra	
UBERON:3000344	orbitonasal foramen	
UBERON:3000348	os basale	
UBERON:3000363	otic ligament	
UBERON:3000364	otic plate of pterygoid	
UBERON:3000365	otic process	
UBERON:3000367	otic ramus of squamosal	posterior ramus|ramus paroticus
UBERON:3000368	otoccipital	
UBERON:3000375	palatine process of the pars facialis of the maxilla	
UBERON:3000380	palatoquadrate articular process	
UBERON:3000381	paranasal commissure	commissura lateralis nasi|connection between lamina nariochoanalis and postnasal wall|processus lingularis
UBERON:3000384	parasagittal crest	
UBERON:3000386	cultriform process	pars medialis|rostrum
UBERON:3000387	subotic alae	processus lateralis
UBERON:3000388	parasphenoid tooth	parasphenoid teeth
UBERON:3000389	paries nasi	
UBERON:3000394	pars articularis of mandibular arch	
UBERON:3000399	pars externa plectri	extracolumellare|extrapediale|extraplectral|extrastapes|hyostapes|medio-stapedial|pars quadrata columellae
UBERON:3000400	pars facialis of maxilla	
UBERON:3000401	pars facialis of maxillopalatine	
UBERON:3000406	pars interna plectri	operculum auris|operculum fenestrae ovalis
UBERON:3000408	pars media plectri	
UBERON:3000431	pila antoptica	
UBERON:3000432	pila metoptica	
UBERON:3000433	pineal foramen	
UBERON:3000434	planum antorbitale	
UBERON:3000437	planum conchale	
UBERON:3000438	planum internasale	
UBERON:3000440	planum terminale	pars terminalis|terminal plate
UBERON:3000441	planum triangulare	
UBERON:3000443	plectral apparatus	
UBERON:3000446	posterior condyle	
UBERON:3000448	posterior maxillary process	
UBERON:3000449	posterior maxillary process dorsal process	
UBERON:3000450	posterior mental process	
UBERON:3000451	posterior ramus of pterygoid	
UBERON:3000453	posterolateral vomerine process	
UBERON:3000454	postnasal wall	posterior wall of nasal capsule
UBERON:3000459	prearticular coronoid process	
UBERON:3000467	preorbital process of the pars facialis of the maxilla	
UBERON:3000486	processus ascendens plectri	laterohyale|processus ascendens columellae|processus dorsalis columellae|processus superior columellae|suprastapediale
UBERON:3000492	processus infrafenestralis	dorsal crest
UBERON:3000493	processus internus of pseudoangular	processus internus
UBERON:3000494	processus lingualis of pterygoid	
UBERON:3000500	processus posterior of maxilla	
UBERON:3000505	processus pterygoideus of maxilla	
UBERON:3000509	processus suprafenestralis	
UBERON:3000512	processus zygomatico-maxillaris	
UBERON:3000515	pseudoangular	
UBERON:3000516	pseudobasal process	
UBERON:3000518	pseudodentary	
UBERON:3000519	pseudodentary tooth	
UBERON:3000523	pterygoid process of palatoquadrate	
UBERON:3000524	pterygoquadrate	
UBERON:3000527	quadrate process of palatoquadrate	
UBERON:3000539	recessus marsupiatus of premaxilla	
UBERON:3000540	recessus vaginiformis	
UBERON:3000543	retroarticular process	
UBERON:3000547	rostral process	
UBERON:3000563	seydels palatal process	
UBERON:3000565	skeletal support for eminentia olfactoria	
UBERON:3000569	solum nasi	nasal floor|planum basale|solum nasale
UBERON:3000572	sphenethmoid	Os sphenethmoidale|orbitosphenoid|orbitotemporal
UBERON:3000580	stylus of pars media plectri	columella|columella auris|columellare|interstapediale|mediostapediale|mesostapediale|os columellare|os intermedium|stapes|stelidium|stilus columellare
UBERON:3000581	sulcus dentalis of maxilla	
UBERON:3000582	sulcus dentalis of premaxilla	
UBERON:3000583	sulcus for Meckels cartilage	
UBERON:3000586	superior prenasal cartilage	
UBERON:3000590	supraorbital flange	
UBERON:3000591	suprasphenoid	
UBERON:3000599	taenia tecti marginalis	
UBERON:3000601	tectum nasi	tectum nasale
UBERON:3000605	tentacular foramen	
UBERON:3000610	trochlear foramen	nerve foramen IV
UBERON:3000619	tympanosquamosal	
UBERON:3000628	ventral ramus of squamosal	processus posterolateralis
UBERON:3000634	vomerine canal	
UBERON:3000639	zygomatic ramus of squamosal	
UBERON:3000640	arcus praeoccipitalis	
UBERON:3000642	maxillopalatine tooth	
UBERON:3000644	processus lingularis of nasal skeleton	lingular process|processus lingularis
UBERON:3000645	corpus	centrum|pars horizontalis
UBERON:3000646	margo libera	
UBERON:3000647	crista interna	
UBERON:3000648	crista praeopercularis	
UBERON:3000649	anterior process of vomer	
UBERON:3000650	processus frontalis of maxilla	processus frontalis|processus praeorbitalis of the pars facialis
UBERON:3000651	lamina anterior of maxilla	
UBERON:3000652	fossa maxillaris	maxillary saddle
UBERON:3000653	pars glenoidalis of quadratojugal	
UBERON:3000654	pars jugalis	
UBERON:3000655	processus dorsalis of lamella alaris	processus dorsailis
UBERON:3000656	processus posterodorsalis of lamella alaris	processus posterodorsalis
UBERON:3000657	dentigerous process	torus dentigerous
UBERON:3000658	prechoanal process	processus choanalis anterior
UBERON:3000659	postchoanal process	processus choanalis posterior
UBERON:3000660	margo choanalis	
UBERON:3000661	crista vomeri	
UBERON:3000662	processus posterior of parasphenoid	processus posterior
UBERON:3000663	parahyoid	
UBERON:3000664	hyoid plate	
UBERON:3000667	pars reuniens	
UBERON:3000668	hyoglossal sinus	
UBERON:3000670	anterior process of hyoid apparatus	
UBERON:3000671	anterolateral process of hyoid plate	processus alaris|processus anterolateralis|processus lateralis anterior
UBERON:3000672	posterolateral process	
UBERON:3000673	posteromedial process	cornua posteriores|hyoid
UBERON:3000676	bronchial process	processus trachealis
UBERON:3000677	lateral process of cricoid cartilage	lateral process
UBERON:3000678	esophageal process	spina oesophagea
UBERON:3000680	manubrium of hyale	processus anteriores
UBERON:3000681	hyoid apparatus opening	
UBERON:3000683	sinus nervi hypoglossi	
UBERON:3000685	foramen nervi hypoglossi	foramen laterale
UBERON:3000687	processus confluens	processus alaris
UBERON:3000688	prominentia apicalis dorsalis	prominentia apicalis anterior
UBERON:3000689	prominentia apicalis ventralis	prominentia apicalis posterior
UBERON:3000948	articular process	processus articularis anterior
UBERON:3000950	os triangulare	basi-branchial II|os thyroideum|os triquetum|sternum|urohyal
UBERON:3000951	anterior radial	
UBERON:3000952	posterior radial	
UBERON:3000953	ceratobranchials II--IV	epibranchials
UBERON:3000954	hypobranchial I	
UBERON:3000955	ceratobranchial I	epibranchial
UBERON:3000956	hypobranchial II	
UBERON:3000966	angulosplenial	angular|goniale
UBERON:3000993	otic and occipital	
UBERON:3000998	suprarostral cartilage	
UBERON:3010013	larval chondrocranium	
UBERON:3010061	anterior quadratocranial commissure	
UBERON:3010092	basitrabecular process	
UBERON:3010094	quadratoethmoid process	
UBERON:3010118	quadrato-orbital commissure	
UBERON:3010128	taeniae tecti marginalis	
UBERON:3010130	taenia tecti transversalis	
UBERON:3010131	orbital cartilages	
UBERON:3010132	taenia tecti medialis	
UBERON:3010138	trabecular horn	trabecular horns
UBERON:3010142	occipital arch	
UBERON:3010146	lacrimal	ectethmoid
UBERON:3010458	suprarostral ala	ala|alae
UBERON:3010525	frontoparietal fenestra	
UBERON:3010528	articular process of palatoquadrate	
UBERON:3010557	triangular process	
UBERON:3010559	retroarticular process of the palatoquadrate	
UBERON:3010560	anterior process of the palatoquadrate	
UBERON:3010562	suboccular foramen	
UBERON:3010563	craniopalatine foramen	
UBERON:3010564	carotid foramen	
UBERON:3010565	pila preoptica	
UBERON:3010566	prootic foramen	
UBERON:3010576	prenasal (amphibians)	
UBERON:3010583	basibranchial I	Copula I
UBERON:3010585	basibranchial II	Copula II|urohyal
UBERON:3010690	fetal tooth	fetal teeth
UBERON:3010820	suboccular arch	
UBERON:3010821	hyoquadrate process	
UBERON:3010824	processus triangularis of palatoquadrate cartilage	processus triangularis
UBERON:3010827	anterior prenasal cartilage	
UBERON:3010828	commissura terminales of hyoid apparatus	commissura terminales
UBERON:3010830	spicule	
UBERON:3010831	occipito-petrosal	occipital-petrosal|occipito-otic|otic-occipital complex
UBERON:3010832	occipital segment	
UBERON:4100100	parasphenoid flange	parasphenoid wing
UBERON:4100119	extratemporal bone	postspiracular
UBERON:4200091	ethomosphenoid region	
UBERON:4200139	palatoquadrate element	
UBERON:4200198	incisor process	
UBERON:4200234	precoronoid bone	
UBERON:4200235	postcoronoid bone	
UBERON:4200236	anterior coronoid bone	
UBERON:4200237	posterior coronoid bone	
UBERON:4200238	coronoid fang	
UBERON:4200239	shagreen tooth field	
UBERON:4200240	fronto-ethmoidal shield	
UBERON:4200241	postrostral bone	
UBERON:4200242	median postrostral bone	
UBERON:4200243	surangular pit line	
UBERON:4200244	anterior supraorbital bone	
UBERON:4200245	parasymphysial plate	
UBERON:4200246	mesial parasymphysial foramen	
UBERON:4200247	lateral parasymphysial foramen	
UBERON:4200248	hypophysial region	hypophyseal region
UBERON:4200250	meckelian bone	
UBERON:4200251	meckelian foramen	
UBERON:4300002	palatine prong	
UBERON:4300017	rostrodermethmoid	
UBERON:4300034	antorbital cartilage	
UBERON:4300106	ventral limb of posttemporal	
UBERON:4300127	nuchal crest	
UBERON:4300132	glossopharyngeal nerve foramen	nerve foramen IX
UBERON:4300134	lateral commissure	
UBERON:4300142	internal carotid foramen	
UBERON:4300144	profundus foramen	
UBERON:4300177	replacement tooth row	
UBERON:4300178	inner tooth row of dentary	
UBERON:4300179	inner tooth row of premaxilla	
UBERON:4300181	posterior sclerotic cartilage	
UBERON:4300182	anterior sclerotic cartilage	
UBERON:4300196	processus descendens of sphenoid	otico-sphenoid bridge
UBERON:4300199	postsplenial	
UBERON:4300200	postparietal shield	parietal shield
UBERON:4300201	subepiotic fossa	
UBERON:4300202	endoskeletal cranial joint	endoskeletal intracranial joint
UBERON:4300203	tectum orbitale	
UBERON:4300207	submandibular bone	
UBERON:4300243	premaxillary tooth 2	
UBERON:4300244	premaxillary tooth 3	
UBERON:4300246	dentary tooth 2	
UBERON:4300247	dentary tooth 3	
UBERON:4300249	lateral occipital foramen	
UBERON:4300252	ethmo-palatine cartilage	
UBERON:4300269	epioccipital bridge	epiotic bridge
UBERON:4300270	outer tooth row of premaxilla	
UBERON:4300275	suborbital stay	
UBERON:4300279	outer tooth row of dentary	
UBERON:4300285	second preethmoid cartilage	
UBERON:4300286	second preethmoid element	
UBERON:4500005	prenasal ossicle	
UBERON:4500012	hypobranchial series	
UBERON:4500013	pharyngobranchial series	
UBERON:4500014	basibranchial series	
UBERON:4500016	premaxilla articular process	articular process of the premaxilla
UBERON:4500017	interarcual bone	
UBERON:4500018	premaxilla maxillary process	postmaxillary process
UBERON:7500052	lower fourth secondary molar tooth	lower fourth permanent molar tooth|m4
UBERON:7500053	lower fourth secondary premolar tooth	lower fourth permanent premolar tooth|p4
UBERON:7500054	lower third secondary premolar tooth	lower third permanent premolar tooth|p3
UBERON:7500057	upper fourth secondary molar tooth	M4|upper fourth permanent molar tooth
UBERON:7500058	upper fourth secondary premolar tooth	P4|upper fourth permanent premolar tooth
UBERON:7500059	upper third secondary premolar tooth	P3|upper third permanent premolar tooth
http://owltools.org/Q		
